date,ticker,company_name,sector,industry,price_last,return_1d,return_1w,return_1m,return_3m,return_6m,return_1y,volume,market_cap_cr,pe_ttm,pb,dividend_yield_pct,roa_pct,roe_ttm,debt_equity,interest_coverage,eps_ttm,revenue_ttm,ebitda_ttm,net_income_ttm,peg_ratio,alpha_1y,beta_1y,beta_3y,sharpe_1y,sortino_1y,volatility_30d,volatility_90d,max_drawdown_1y,rsi14,sma20,sma50,sma200,macd_line,macd_signal,macd_hist,atr14,bb_upper,bb_lower,overall_score,score_fundamental,score_technical,score_risk,score_sentiment,score_macro,altman_z,piotroski_f,quality_score,momentum_score,recommendation,moat_notes,risk_notes,catalysts
2026-01-15,VEDL.NS,VEDL,,,675.75,,,,,,,,,,,,,,,,,,,,,41.957659235276964,1.4968814145202172,1.5353455127296305,1.5567014888527348,,27.978675476538573,25.290439912069928,-21.55182263017793,81.29577661466573,608.2975067138672,557.7439996337888,464.55194458007804,24.88430586939478,22.119373098796505,2.764932770598275,16.43367733550073,652.72855290611,563.8664605216243,75.36677343692115,,98.77376002565403,42.21608040201005,,,,,,,,,,
2026-01-15,HINDZINC.NS,HINDZINC,,,654.2000122070312,,,,,,,,,,,,,,,,,,,,,27.81199877872933,1.4204594814396352,1.4463130179659471,1.127248877662357,,40.738154366956024,33.643644907379375,-20.670489746478037,67.07108812740127,619.5999938964844,545.4209991455078,473.0419860839844,24.061906170648513,26.521526744432386,-2.459620573783873,21.24943568450977,654.17146153817,585.0285262547989,72.40245717346706,,96.83577969616029,33.72160804020101,,,,,,,,,,
2026-01-15,NTPC.NS,NTPC,,,349.1000061035156,,,,,,,,,,,,,,,,,,,,,-7.329493250623573,0.9774482615897669,1.022617773919357,0.5504459911942973,,20.787934221538904,16.633672524640396,-11.580328226623804,65.9707533985207,333.74999847412107,328.498002319336,333.19997070312525,5.043634493163097,4.251755951902938,0.791878541260159,6.283153292898141,357.7843849045192,309.71561204372296,67.90331315752076,,80.08063705037151,55.36331658291458,,,,,,,,,,
2026-01-15,UNIONBANK.NS,UNIONBANK,,,179.27000427246094,,,,,,,,,,,,,,,,,,,,,39.2831909251692,1.1673517776698876,1.1959843786947006,1.5967736711729008,,30.893163881718465,27.399033696745423,-16.95197893028688,79.18401816735869,157.87549896240236,154.76779907226557,139.9259644317627,4.733207562904795,2.8944836619925685,1.8387239009122265,4.574304008426494,173.4082213863887,142.34277653841596,71.49915794426164,,92.84200188761065,39.641206030150755,,,,,,,,,,
2026-01-15,TATASTEEL.NS,TATASTEEL,,,189.25,,,,,,,,,,,,,,,,,,,,,25.298532909141,1.4216158722993621,1.4505891189109097,1.3879133672789088,,24.930273091775152,21.706974439581447,-20.032698046344745,68.67850510407837,177.42200088500977,173.41500030517582,162.4348334121704,3.85016041429796,3.0783071822508274,0.7718532320471327,4.045260598268076,191.41727991269855,163.42672185732098,70.79174868784338,,88.0967054270628,48.32110552763819,,,,,,,,,,
2026-01-15,INDUSINDBK.NS,INDUSINDBK,,,944.5,,,,,,,,,,,,,,,,,,,,,-8.301980758687211,0.7679472830179297,0.7685288935498171,-0.15534094388058814,,24.597576563927966,23.49625162458574,-40.964692595136164,72.40305778497022,875.4025024414063,855.2430004882812,805.8305010986327,20.10482015697346,15.227232090811786,4.877588066161675,22.756568777407853,938.4663082747644,812.338696608048,70.42953134862938,,82.69858356321127,60.18643216080402,,,,,,,,,,
2026-01-15,PNB.NS,PNB,,,128.67999267578125,,,,,,,,,,,,,,,,,,,,,17.560547890099,1.0686337602956433,1.1054557253467177,0.9771986861854222,,22.628893558613225,23.32321545619697,-14.130428121378513,69.00182745624406,122.86249999999998,121.98459976196291,110.0223150634766,1.3434835560800025,0.9839327436150742,0.35955081246492826,2.578510805366261,127.7771327465854,117.9478672534146,65.11690439952564,,78.06992540658332,47.85125628140704,,,,,,,,,,
2026-01-15,LICHSGFIN.NS,LICHSGFIN,,,535.25,,,,,,,,,,,,,,,,,,,,,-17.5211232292183,1.3555754060250924,1.3928245338736944,-0.3450595617485024,,19.358432637352664,17.700790177785144,-17.291756559527027,49.31307917874101,533.8000000000001,544.9780029296876,572.0025628662106,-4.255913461157661,-3.9799052134353126,-0.27600824772234844,10.766049239304447,548.1490381621082,519.4509618378917,38.17131058564112,,30.17871081294799,46.324120603015075,,,,,,,,,,
2026-01-15,NATIONALUM.NS,NATIONALUM,,,373.54998779296875,,,,,,,,,,,,,,,,,,,,,52.64370052853869,1.6292957865916986,1.6645864076848818,1.7115369279520796,,40.13657167930763,34.28563822328542,-30.526704877891543,79.75681537396224,320.2499954223633,284.97241821289066,211.6696585083008,23.133861410378074,19.65579340840887,3.4780680019692056,11.614945588632317,376.6743179082803,263.82567293644627,75.37030770644782,,99.78353879622917,39.70753768844221,,,,,,,,,,
2026-01-15,BANKINDIA.NS,BANKINDIA,,,152.8699951171875,,,,,,,,,,,,,,,,,,,,,32.48571333470342,0.9803254082120968,1.0397629169373286,1.6121955905274001,,25.080517025468996,26.164463967706848,-16.494841159425178,66.24427096992834,145.08700103759764,144.57760131835937,123.82026599884033,2.0007243269977266,1.5122637962933345,0.4884605307043921,3.8088112968965344,153.60123390917047,136.57276816602482,70.81583430811297,,88.12337612646262,48.36281407035176,,,,,,,,,,
2026-01-15,HDFCAMC.NS,HDFCAMC,,,2554.10009765625,,,,,,,,,,,,,,,,,,,,,12.510643873184527,1.4329459071233557,1.424261669834688,0.8269668636525328,,29.751160471230477,23.15254259830126,-15.624577353296843,42.71777385622143,2626.134997558593,2646.265991210937,2591.0747265624973,-33.87945525169516,-20.407626409903372,-13.47182884179179,59.238441614937436,2758.9419778427846,2493.3280172744026,34.635686165903245,,27.77659690767106,36.41909547738694,,,,,,,,,,
2026-01-15,MOTILALOFS.NS,MOTILALOFS,,,861.5499877929688,,,,,,,,,,,,,,,,,,,,,-16.84469125291065,1.7714875532475844,1.8315047388164714,-0.04572115281580693,,38.780757021375955,36.12752963206515,-36.273695778532286,50.26569558314984,854.3924987792967,899.4800036621093,869.2742492675785,-17.622937144537673,-19.362571582913926,1.7396344383762532,27.08096550318035,907.0118925262614,801.7731050323323,35.55307076839358,,32.19512537305818,29.50100502512563,,,,,,,,,,
2026-01-15,INDIANB.NS,INDIANB,,,846.4000244140625,,,,,,,,,,,,,,,,,,,,,40.98105199782904,0.9590164145308377,1.0026743544188848,1.8142997812029218,,28.474594074063365,27.7821374051462,-13.143851799253136,57.29196106576845,816.1975067138673,831.8360021972655,696.6383190917966,7.282797319475662,4.946335437155086,2.3364618823205765,23.114855916158444,881.8133671758097,750.5816462519246,69.60774244277549,,88.18800674875466,42.764824120603016,,,,,,,,,,
2026-01-15,IDEA.NS,IDEA,,,11.079999923706055,,,,,,,,,,,,,,,,,,,,,33.11147867253925,1.5356113928883404,1.5387988195099576,0.5211492237139348,,55.487558904585676,55.079742780652616,-38.128769064492474,47.4852393483416,11.581500148773195,10.903400077819823,8.346200020313264,0.05997622890505738,0.1990745119223928,-0.13909828301733543,0.5732217857811125,12.40203339248017,10.760966905066216,64.98075612936977,,82.96053691226255,35.01206030150754,,,,,,,,,,
2026-01-15,JINDALSTEL.NS,JINDALSTEL,,,1040.699951171875,,,,,,,,,,,,,,,,,,,,,3.823086051747203,1.3083995448270407,1.349312276342164,0.36086800530523355,,27.772568242797547,24.41591493771628,-16.861216596564244,52.52697411625484,1026.349996948242,1034.8120019531248,983.7550885009767,2.3316498979277185,3.5054770400564768,-1.1738271421287583,26.046087601078153,1095.1673773692924,957.5326165271921,59.20674454376468,,72.72128590741963,34.62713567839195,,,,,,,,,,
2026-01-15,AXISBANK.NS,AXISBANK,,,1298.800048828125,,,,,,,,,,,,,,,,,,,,,7.548249618773058,1.0935106020528318,1.0685274633756392,0.6815252965470159,,20.6783056584627,18.854011534949,-15.19309633600906,61.93002363777384,1257.850012207031,1259.164001464844,1179.1345928955077,8.974872379353883,6.408096940387878,2.5667754389660047,21.032546839053968,1311.8963880349297,1203.803636379133,68.80211171885533,,82.46410260147728,53.44924623115578,,,,,,,,,,
2026-01-15,LTF.NS,LTF,,,295.79998779296875,,,,,,,,,,,,,,,,,,,,,98.78196358195633,1.3083565777906088,1.3729764344765583,2.5075603965187363,,26.701206924012794,29.933332107076716,-13.46330730466403,42.89387172173556,305.7199996948242,302.3709991455078,230.95463424682617,-0.45269159501191325,2.3409380490236553,-2.7936296440355686,8.943441258939313,323.83973465281514,287.60026473683325,56.92573981016193,,68.05527638190955,36.027638190954775,,,,,,,,,,
2026-01-15,RVNL.NS,RVNL,,,338.29998779296875,,,,,,,,,,,,,,,,,,,,,-31.35303830745453,1.74376745201574,1.8383766709486211,-0.28587690764838636,,47.233691335792535,31.979824797746364,-36.1365499337992,48.96350731568524,347.14750213623046,328.88699951171895,352.92676086425786,2.85479153943794,6.631133460300054,-3.776341920862114,13.072085363083993,385.30178051181963,308.9932237606413,47.210621312184976,,53.897912331782194,27.703015075376886,,,,,,,,,,
2026-01-15,SAIL.NS,SAIL,,,152.44000244140625,,,,,,,,,,,,,,,,,,,,,18.58166896450063,1.555754990169905,1.6125070984682877,1.069617458550199,,32.05015969058198,28.99245751841242,-13.68925947390548,66.1726354898837,140.96000175476075,137.7414006042481,128.7362468338012,4.436037125378903,3.5897408248230795,0.8462963005558231,4.543782919322772,158.9573639949216,122.96263951459991,68.41351398844193,,92.0999030686427,27.61105527638191,,,,,,,,,,
2026-01-15,INDUSTOWER.NS,INDUSTOWER,,,438.3999938964844,,,,,,,,,,,,,,,,,,,,,16.775126562125795,0.9498939593269132,0.9619413704491151,0.8223216257703138,,23.635798443649065,24.26455107487984,-23.887260647570464,63.48736322211817,425.78749847412115,413.0120007324219,384.17249969482407,7.2319821339204395,7.476237913743206,-0.24425577982276625,11.716373662087362,444.50373782277575,407.07125912546644,71.98062931691736,,87.49880111215978,55.16582914572864,,,,,,,,,,
2026-01-15,ABCAPITAL.NS,ABCAPITAL,,,358.6000061035156,,,,,,,,,,,,,,,,,,,,,78.17043184375345,1.3323297837806263,1.312417338802192,2.151232236499157,,21.09185210137134,24.127735422502443,-15.090022943046922,56.5131903301716,353.3949996948242,347.8369989013672,280.47920013427733,2.8558295229036617,3.538321414917598,-0.6824918920139362,8.828670139392127,366.29154968238606,340.49844970726235,71.95248654844605,,90.70422453092146,47.02562814070352,,,,,,,,,,
2026-01-15,PAYTM.NS,PAYTM,,,1313.300048828125,,,,,,,,,,,,,,,,,,,,,31.105187710156972,1.2278618135731214,1.3155012057598916,1.1699950168315443,,26.138839255265456,27.128455182264172,-26.095652729328833,51.69864351141652,1311.729998779297,1308.7259936523437,1106.9149990844728,-2.7262204693972762,0.47584198390364596,-3.2020624533009223,32.90424843802379,1355.6828576081978,1267.777139950396,63.061516631582705,,74.45605657001468,47.63668341708543,,,,,,,,,,
2026-01-15,CANBK.NS,CANBK,,,153.88999938964844,,,,,,,,,,,,,,,,,,,,,42.00795031042922,0.9423725212385301,1.0049352429679856,1.8570352721194439,,19.533370365328512,22.38088831158879,-19.932696774920178,60.5248900645024,151.7075012207031,148.7692007446289,119.7795204162598,1.2937830683355003,1.6898193806670478,-0.39603631233154757,3.4317390664402203,155.93944367083768,147.4755587705686,75.04769010632083,,89.33910852303578,64.36683417085428,,,,,,,,,,
2026-01-15,AMBUJACEM.NS,AMBUJACEM,,,549.5499877929688,,,,,,,,,,,,,,,,,,,,,-7.787393961512458,0.8460626801861401,0.8915139332487303,0.19301959595527152,,18.268678104006884,16.511761093376816,-15.739398784397862,50.048850801009564,550.1500030517578,548.9359985351563,563.2859765624996,-0.6001639322919345,0.952327412488183,-1.5524913447801176,10.161577219779971,570.9930458214484,529.3069602820673,50.68958587150563,,46.09009878981565,62.87788944723618,,,,,,,,,,
2026-01-15,HINDALCO.NS,HINDALCO,,,955.3499755859375,,,,,,,,,,,,,,,,,,,,,39.384508985028226,1.2376088150996665,1.2579520360936332,1.7868970113027611,,23.051031153641475,22.10135277733891,-20.419295073776254,72.15827278600958,896.2250061035155,843.5620043945314,729.9581304931639,27.34747374098754,24.97703942074647,2.3704343202410705,20.058516046184682,962.9226199941866,829.5273922128447,76.95829643746896,,96.91086323568531,54.03517587939698,,,,,,,,,,
2026-01-15,BANKBARODA.NS,BANKBARODA,,,307.70001220703125,,,,,,,,,,,,,,,,,,,,,16.764763232107036,0.9028742317411367,0.9405801059187368,1.2085704374742983,,19.164971715118085,20.699403318412504,-15.599690889607686,64.3743597787607,297.5174987792969,291.5610003662108,255.49510612487802,4.528153343153292,4.128030430198693,0.4001229129545987,6.37042945350335,311.62946815960413,283.40552939898964,73.03384734485417,,86.3119804971194,62.87236180904523,,,,,,,,,,
2026-01-15,360ONE.NS,360ONE,,,1149.199951171875,,,,,,,,,,,,,,,,,,,,,-2.0083759348438432,1.2093492022378058,1.2351504785287997,-0.19231705414476993,,23.003567601948298,24.701444952996766,-33.53473351480388,47.260554021678466,1169.0449951171877,1139.181994628906,1076.97426940918,2.2582354833959926,9.398366676408092,-7.140131193012099,34.6354775479169,1219.509215893243,1118.580774341132,57.84562507161544,,64.86684874699823,48.13819095477387,,,,,,,,,,
2026-01-15,OIL.NS,OIL,,,458.0,,,,,,,,,,,,,,,,,,,,,-3.312779509104933,1.1347451707797076,1.1363930593422988,-0.0904255183587821,,25.385233752776866,21.10387210221924,-28.11235111119197,71.72455232968026,418.27749786376955,418.33838012695315,415.56077514648445,7.26745618396933,3.1197977683381914,4.147658415631138,11.454547260391397,448.0429567816909,388.5120389458482,62.85714063023198,,73.12476268215624,50.04522613065326,,,,,,,,,,
2026-01-15,IRB.NS,IRB,,,41.790000915527344,,,,,,,,,,,,,,,,,,,,,-33.10825860021762,1.5181328325839276,1.5770835947379813,-0.8260358452816603,,19.333872218669484,18.558972458993136,-28.5293382853378,48.00124273723458,41.91100025177002,42.51742523193359,45.25008255004881,-0.24725262826995476,-0.19915330248558322,-0.04809932578437154,0.8959893538748546,43.10498383512574,40.717016668414296,32.5087363333467,,19.069896254295404,48.61457286432161,,,,,,,,,,
2026-01-15,APLAPOLLO.NS,APLAPOLLO,,,1934.699951171875,,,,,,,,,,,,,,,,,,,,,15.89959400323784,1.0034590901233245,1.0747597319011732,0.6379803755555302,,20.196623353021888,16.76491794529723,-21.661718835342604,62.591743569500146,1892.824993896484,1807.2080004882814,1720.6238134765617,37.66392372791324,41.5341584303371,-3.8702347024238577,41.26325519810331,2001.5067694573997,1784.143218335569,74.4445768444187,,87.69571570688832,65.76130653266333,,,,,,,,,,
2026-01-15,TORNTPHARM.NS,TORNTPHARM,,,4003.699951171875,,,,,,,,,,,,,,,,,,,,,16.639034715966204,0.5887233823658877,0.5968578352180618,0.7271486983501497,,17.138269309284933,18.086138936955322,-12.121302149090152,64.03488013835029,3883.150012207032,3806.7359960937492,3517.504541015626,58.69633092690947,51.33074487523699,7.36558605167248,71.48158785296164,4060.759015683037,3705.541008731025,71.7687229151964,,82.62530928755453,66.39597989949749,,,,,,,,,,
2026-01-15,NMDC.NS,NMDC,,,83.8499984741211,,,,,,,,,,,,,,,,,,,,,5.379782924928632,1.4484114151619731,1.5000067203265515,1.0406008163524276,,30.680230584739554,23.575138573448953,-12.963230645332068,59.41450032474848,81.88400077819824,78.00540069580076,72.44812200546262,1.4704681872468939,1.7096597960062498,-0.23919160875935597,2.2429193419061506,86.9101830054397,76.85781855095678,65.11693549529942,,83.52304670560927,34.21859296482412,,,,,,,,,,
2026-01-15,VMM.NS,VMM,,,130.11000061035156,,,,,,,,,,,,,,,,,,,,,11.990034980835116,0.9579627007869024,0.9985670416372172,0.34618593395228014,,20.652147196303837,21.37134384991412,-20.70175340397844,40.36125639519024,133.63350067138674,134.77059997558595,134.33885002136222,-1.8097129759188135,-1.2494032896252092,-0.5603096862936043,3.3161973117749937,140.2618077676452,127.00519357512823,41.03456655609042,,31.316089147696424,56.36532663316583,,,,,,,,,,
2026-01-15,ASTRAL.NS,ASTRAL,,,1462.5999755859375,,,,,,,,,,,,,,,,,,,,,-24.93736922010529,1.0383893600197611,1.0857275571481346,-0.26466587430580135,,25.288087268430804,23.763081197214934,-19.245452428732847,54.45089553829809,1429.8299987792968,1453.086254882813,1429.5108154296875,7.30589257303609,3.3579249181535156,3.947967654882574,34.00743656959116,1511.5564477783662,1348.1035497802275,51.80794687319443,,57.1525958290364,40.25427135678392,,,,,,,,,,
2026-01-15,ULTRACEMCO.NS,ULTRACEMCO,,,12255.0,,,,,,,,,,,,,,,,,,,,,0.0234562520801237,0.8356674512858464,0.8548597099257366,0.4060281588979948,,15.065913350926676,14.936090003423313,-12.990307299525627,64.70312545224486,11872.500000000002,11752.999999999998,11938.19412109374,122.79407325832835,90.22334861778204,32.57072464054632,190.4552247450854,12344.38379479416,11400.61620520584,64.11974152447841,,68.26357494506615,67.87989949748744,,,,,,,,,,
2026-01-15,ONGC.NS,ONGC,,,248.22999572753906,,,,,,,,,,,,,,,,,,,,,-3.4998063112893636,1.039371371239979,1.0547920418075827,-0.2308981406342039,,20.623344651620606,16.255886256541334,-16.759483409255193,62.5670069369515,236.9090003967286,240.6076150512696,236.7423714447021,0.6088127721439491,-0.5706499025674542,1.1794626747114032,5.066039344784758,245.6623907107243,228.15561008273272,64.0837331853045,,73.88921219585964,53.6537688442211,,,,,,,,,,
2026-01-15,KEI.NS,KEI,,,4384.60009765625,,,,,,,,,,,,,,,,,,,,,-6.331938127875179,1.1364260916721343,1.1693988608187165,0.05686337474606998,,28.065482194615676,24.280731965765284,-43.93357505312163,53.23330782854597,4402.359997558594,4220.32798828125,3840.9644995117183,50.13776552133368,72.36121760635803,-22.22345208502435,104.57428764949898,4615.684680160726,4189.035314956462,63.36594956087343,,74.28102076736111,49.44422110552764,,,,,,,,,,
2026-01-15,SHREECEM.NS,SHREECEM,,,27550.0,,,,,,,,,,,,,,,,,,,,,-0.5635345313194668,0.7937970675229485,0.823070594304722,-0.020548181356730307,,16.76736163393947,16.0832349384194,-20.62900928808693,62.099979356583695,26644.0,26614.20000000001,29178.843476562502,214.09967931669235,112.61711382564987,101.48256549104248,479.7576337367398,27985.297878921887,25302.702121078113,53.604917667055766,,48.494881951454154,69.98492462311557,,,,,,,,,,
2026-01-15,SOLARINDS.NS,SOLARINDS,,,12875.0,,,,,,,,,,,,,,,,,,,,,13.316926726807782,1.0053787734395612,1.0751497603105777,0.9706863928982955,,30.810695019691092,26.220478320399888,-33.06599401695942,52.25492212822298,12576.949999999999,12932.880000000003,14107.757641601556,64.68041401302617,-20.423040427622823,85.10345444064899,395.5978443483699,13489.19361358522,11664.706386414782,43.35647219256383,,36.4975293435998,53.86030150753769,,,,,,,,,,
2026-01-15,INDHOTEL.NS,INDHOTEL,,,689.4500122070312,,,,,,,,,,,,,,,,,,,,,-21.272299328537258,1.4534093711092897,1.5139275296372021,-0.7492278158642262,,19.452960252874973,20.744875723512486,-19.232372387364993,35.95974817223992,723.1724975585937,723.8589978027345,753.0736608886716,-10.599185979990125,-4.4968449454856,-6.102341034504525,14.718863686922647,766.2217684448827,680.1232266723047,32.6944847920207,,22.72283644473273,40.3180904522613,,,,,,,,,,
2026-01-15,MANKIND.NS,MANKIND,,,2244.39990234375,,,,,,,,,,,,,,,,,,,,,-19.380849491231878,0.6726064324028079,0.7338905615919675,-0.9652422141511716,,23.208083217224036,19.016783317482872,-22.104849104476887,53.762067863928806,2200.900012207031,2215.6640087890623,2414.317659912109,5.948975090297154,-1.5247722045078278,7.473747294804982,49.85504142775543,2290.003570390804,2111.7964540232583,43.09043396014802,,36.405796203643305,52.89246231155779,,,,,,,,,,
2026-01-15,UNITDSPR.NS,UNITDSPR,,,1336.0,,,,,,,,,,,,,,,,,,,,,-14.933358375090478,0.7644642071021155,0.7844319156672058,-0.9577889576313189,,19.55569225965464,18.53282992288105,-19.925738288487228,34.959035494464075,1390.9449890136716,1416.8899951171875,1409.557996826172,-25.03212356602853,-15.939321183420596,-9.092802382607935,28.20217076005083,1472.1047506354994,1309.7852273918443,40.31125306655751,,30.325481650456783,55.58693467336684,,,,,,,,,,
2026-01-15,ETERNAL.NS,ETERNAL,,,299.25,,,,,,,,,,,,,,,,,,,,,-2.5894942691304657,1.3695705777577598,1.4327717302547829,0.34912796098539367,,27.226480939857346,25.06610557973176,-21.800479376154748,62.1727605912189,284.37999877929684,293.89199951171867,283.6078992462156,-1.240023289514511,-3.835888294202964,2.595865004688453,7.713196125797409,294.47504152206164,274.28495603653215,57.02229125645957,,67.55087803047142,37.72311557788945,,,,,,,,,,
2026-01-15,CUMMINSIND.NS,CUMMINSIND,,,4029.199951171875,,,,,,,,,,,,,,,,,,,,,12.501739141841917,1.0897120222920176,1.1341090598901318,1.0278161261870769,,25.806802597595308,22.368251764865384,-13.597239632701108,32.398969739156605,4299.184973144531,4372.263999023438,3722.532980957031,-106.13437478612468,-60.96528193456356,-45.16909285156112,110.35420464062315,4666.079422386303,3932.2905239027587,53.539011510699915,,58.35032122177239,45.049748743718595,,,,,,,,,,
2026-01-15,LUPIN.NS,LUPIN,,,2195.89990234375,,,,,,,,,,,,,,,,,,,,,0.7498885801889473,1.0181499840720678,1.0253808435945087,-0.17256519802914036,,17.39953574000667,18.70044710786901,-15.348002975832408,64.92753665365031,2133.764990234375,2085.3680029296875,1994.5105249023436,30.80095119193311,25.089904523895328,5.711046668037781,41.30194924328659,2218.689293782054,2048.8406866866962,63.284830121115625,,72.48937763509353,53.558291457286444,,,,,,,,,,
2026-01-15,ACC.NS,ACC,,,1728.0999755859375,,,,,,,,,,,,,,,,,,,,,-27.673877366296733,0.7125257199693887,0.7609952566387964,-0.7532728031989511,,12.980539906281585,14.727181689882668,-18.115531131102703,42.22583790403883,1739.4549987792968,1793.1999975585939,1861.187045898437,-20.496312765485072,-20.710072838388427,0.21376007290335508,25.470442228328956,1780.6801159653687,1698.229881593225,35.10844339334251,,16.158816198468774,67.59095477386936,,,,,,,,,,
2026-01-15,JIOFIN.NS,JIOFIN,,,287.0,,,,,,,,,,,,,,,,,,,,,-18.371359878872166,1.6868273944274843,1.7289437370261866,-0.2599873577654464,,20.651182885087533,18.13867373048969,-28.383530261041024,39.547535706601785,294.8800018310547,299.7270025634766,296.43519165039055,-3.0746389183879614,-2.0372425519203725,-1.037396366467589,6.20923886518862,305.2177420391679,284.5422616229415,32.749320043129195,,19.187369042456663,49.4035175879397,,,,,,,,,,
2026-01-15,SUPREMEIND.NS,SUPREMEIND,,,3485.199951171875,,,,,,,,,,,,,,,,,,,,,-33.88253499723237,1.2962221182896538,1.3479161900883967,-0.8264687295604639,,24.28020497947395,24.696106418280117,-30.34584159116274,52.02847068252155,3429.949987792969,3472.26,3931.296511230468,21.62710366334113,7.6005779728864855,14.026525690454646,76.90527199315382,3672.7572260959664,3187.1427494899713,38.77778530878549,,34.388556269381716,38.5286432160804,,,,,,,,,,
2026-01-15,UPL.NS,UPL,,,780.4000244140625,,,,,,,,,,,,,,,,,,,,,37.58316749077175,1.033853070195904,1.0496279530901331,1.2306645357275046,,21.301073704820293,18.825503567660185,-11.21463017385549,52.91715996245642,781.8825012207033,763.762000732422,694.7800518798824,7.279389599958677,10.537312286498013,-3.2579226865393363,17.54123397318522,816.4190998371059,747.3459026043004,70.50823135093727,,85.45270587892325,53.65527638190955,,,,,,,,,,
2026-01-15,AUROPHARMA.NS,AUROPHARMA,,,1180.0999755859375,,,,,,,,,,,,,,,,,,,,,-8.537602465536187,1.170962399814217,1.1982532111532902,-0.2898199253535686,,20.394858686653276,22.19754437185259,-18.42605386423706,44.863952087636385,1203.2450012207028,1199.2299975585938,1142.920432434081,-2.220486314367008,2.5560586425777387,-4.776544956944747,27.10246477757896,1241.3877694884316,1165.1022329529749,45.65819966806881,,44.808679000513806,43.44020100502512,,,,,,,,,,
2026-01-15,IOC.NS,IOC,,,159.16000366210938,,,,,,,,,,,,,,,,,,,,,13.462406484001887,0.8866481120317562,0.9582776010310293,1.0806413554280199,,20.259092003529197,20.225464183305622,-13.419289978839943,45.749523594187075,161.85300064086914,161.77366241455078,144.54197387695316,-0.5377623050060265,0.22989600074954986,-0.7676583057555764,3.4472865781583666,167.91484481535272,155.79115646638556,54.614726480683174,,54.55695992653624,59.37386934673367,,,,,,,,,,
2026-01-15,SONACOMS.NS,SONACOMS,,,461.6499938964844,,,,,,,,,,,,,,,,,,,,,-33.5749860689089,1.321533174370294,1.311688422236566,-0.7772370045477391,,20.308872281757534,25.119669123562982,-29.99844382377801,37.90801300084446,477.0524978637696,487.292998046875,472.8010896301269,-7.384725848604262,-5.093929103222595,-2.290796745381667,11.096505123623947,500.7978925208513,453.30710320668777,32.91979314832158,,22.52497440064718,41.82663316582914,,,,,,,,,,
2026-01-15,BEL.NS,BEL,,,417.6000061035156,,,,,,,,,,,,,,,,,,,,,29.57811868519003,1.0071657547545982,1.0594218940527456,1.4628921080986923,,21.619859369370307,23.07056003939813,-16.418931495524326,62.38490549866637,404.29750213623043,406.79000000000013,385.37846343994147,4.379116477919354,2.2377414978894232,2.1413749800299304,8.475612853079637,425.2023075222938,383.3926967501672,66.68897517156324,,78.49623571082387,53.85979899497488,,,,,,,,,,
2026-01-15,AUBANK.NS,AUBANK,,,976.3499755859375,,,,,,,,,,,,,,,,,,,,,63.718864458954336,0.6739279115028666,0.6985133628853504,1.500433662392583,,18.807894710002863,24.358994531360118,-19.23140768752891,48.42244987699125,991.4500030517579,957.2299999999998,789.4423297119139,9.871655671831832,15.03917791751793,-5.167522245686099,19.768639099186206,1016.3558707714376,966.544135332078,74.22603574637348,,87.33008042387426,65.69195979899499,,,,,,,,,,
2026-01-15,PFC.NS,PFC,,,371.8500061035156,,,,,,,,,,,,,,,,,,,,,-28.472252903839827,1.6273802027288147,1.6724349754908456,-0.24318688678570302,,25.20788815698506,20.71419108774664,-21.67194232203795,58.275272335366495,359.62249755859375,359.37805664062495,391.2122322082519,4.192819089461807,2.581286885467199,1.6115322039946078,8.483979640687341,385.4665981859797,333.7783969312078,48.75391671110367,,52.473833999584585,38.208040201005026,,,,,,,,,,
2026-01-15,RECLTD.NS,RECLTD,,,369.8999938964844,,,,,,,,,,,,,,,,,,,,,-34.62585464347732,1.860810576903818,1.8940970581509193,-0.6608007690518312,,25.501773402016592,20.958567571574235,-28.491814691882954,55.71388536777632,362.26000061035154,357.2720001220704,377.4246090698242,5.137539914124432,4.732453577760445,0.4050863363639863,9.045578939934103,390.50309065334375,334.01691056735933,47.53496306769526,,50.882933521851456,36.7,,,,,,,,,,
2026-01-15,TATACOMM.NS,TATACOMM,,,1753.5999755859375,,,,,,,,,,,,,,,,,,,,,-4.59098372121046,0.9184472003740144,0.96302052387621,-0.12287259382096061,,16.576854801099397,30.31305589480175,-23.911784240840483,40.698803259926876,1786.0849914550786,1821.702004394531,1707.8708154296867,-18.386706593600593,-13.686588126636975,-4.700118466963618,40.26948831173406,1840.1034346227132,1732.066548287443,43.2215655669371,,36.57087832199431,53.06984924623116,,,,,,,,,,
2026-01-15,IRFC.NS,IRFC,,,122.01000213623047,,,,,,,,,,,,,,,,,,,,,-26.110649491428937,1.4320024261049114,1.4918863387544048,-0.3360904809561533,,40.939534975478274,26.545709232977366,-26.374718068233182,49.94523893550415,123.19949913024902,119.60479934692381,126.65448013305668,1.2779697748480885,1.858528362521008,-0.5805585876729196,3.5822283577568466,133.58806524371815,112.8109330167799,47.880010195202914,,54.61617915538534,28.91959798994975,,,,,,,,,,
2026-01-15,YESBANK.NS,YESBANK,,,22.950000762939453,,,,,,,,,,,,,,,,,,,,,0.8099032793229768,0.9116068879668261,0.9715142118278428,0.7420093880410399,,23.498455842403644,24.065895846927127,-20.360823158554496,59.078651647373405,22.153500270843505,22.33260009765625,20.739850015640258,0.24045051482970337,0.11236768531533184,0.12808282951437153,0.4927469794214741,23.533725197668762,20.77327534401825,67.63539067507386,,80.39536150659023,53.37085427135678,,,,,,,,,,
2026-01-15,HUDCO.NS,HUDCO,,,216.63999938964844,,,,,,,,,,,,,,,,,,,,,-13.480167584577282,1.769491916010699,1.82637825978596,0.06296475649812035,,29.224548876959272,30.52681372799137,-28.991056485313628,44.75879317548691,220.02800140380864,224.08178283691413,222.7966119384765,-1.1339166137460097,-0.5061617249954433,-0.6277548887505664,6.148928874054003,233.17642027307832,206.87958253453886,35.95571775564633,,32.15968894508802,31.40150753768844,,,,,,,,,,
2026-01-15,ASHOKLEY.NS,ASHOKLEY,,,186.88999938964844,,,,,,,,,,,,,,,,,,,,,63.36299419685704,1.1349489160178468,1.1738772210583641,1.9557457886468446,,21.31141960951047,24.633248265920276,-13.695372403536844,70.42533009077644,181.18749923706054,164.4624533081055,133.5699493408203,6.665617908457875,7.179305752798017,-0.5136878443401418,4.220028997052707,192.83116151212533,169.54383696199574,76.59957081353915,,98.42133801713426,48.64472361809045,,,,,,,,,,
2026-01-15,BLUESTARCO.NS,BLUESTARCO,,,1812.0999755859375,,,,,,,,,,,,,,,,,,,,,-17.830617333501422,0.9021099050625693,0.9665109357397316,-0.4436269375682453,,23.054758835316377,23.69184386306141,-30.693378446706497,53.554925014227564,1789.0099914550783,1778.5359936523441,1799.8371429443357,6.490418198830184,3.2978599899066627,3.1925582089235216,49.983868763555776,1868.3016916012439,1709.7182913089123,51.65324224053148,,51.74669030431345,53.07286432160804,,,,,,,,,,
2026-01-15,GRASIM.NS,GRASIM,,,2795.800048828125,,,,,,,,,,,,,,,,,,,,,0.42684710045435176,1.016390861859576,1.0431367847100323,0.6660004958231205,,11.857426898625597,17.29654749700057,-10.645002104794198,47.33746139030162,2822.4599731445314,2781.657993164063,2757.4186450195302,1.188677328927497,9.277948135090242,-8.089270806162745,46.35918765758873,2873.6697685874674,2771.2501777015955,60.577725627573855,,63.85638854169323,62.95879396984924,,,,,,,,,,
2026-01-15,COALINDIA.NS,COALINDIA,,,432.20001220703125,,,,,,,,,,,,,,,,,,,,,7.5476816185080535,0.8468368375177103,0.8577454147847612,0.8672044613665157,,25.237536090444646,18.349122648871443,-10.532951234335886,69.9393581985338,410.67749938964846,392.32400024414056,377.5265797424315,11.989696338799774,10.472709896976733,1.5169864418230414,9.333218797410717,444.7323993375595,376.6225994417374,73.49547609127744,,91.06110319545516,53.07688442211055,,,,,,,,,,
2026-01-15,JSWSTEEL.NS,JSWSTEEL,,,1181.800048828125,,,,,,,,,,,,,,,,,,,,,13.073393663795532,1.2941425911594648,1.2936398495849468,0.9251270723068029,,25.364868160093252,21.475993991100765,-12.499995682878284,60.50675382378122,1138.0500122070316,1142.6180126953122,1077.3403195190426,14.954144896902335,9.538141109404634,5.416003787497701,24.855698584439295,1224.4834059104728,1051.6166185035895,64.35840065689823,,79.47326188593438,40.92964824120603,,,,,,,,,,
2026-01-15,CONCOR.NS,CONCOR,,,519.5,,,,,,,,,,,,,,,,,,,,,-42.48632628694013,1.2882449569752372,1.3108446255036716,-0.6087468850597081,,16.521668305188676,16.916636903319052,-22.7402184255141,52.05177261017831,517.537496948242,513.9588507080077,551.4662004089353,1.9053998747359628,2.3820726212362144,-0.4766727465002516,9.325992504021098,536.8393308267987,498.2356630696857,46.41985461106192,,41.583677998403914,54.93015075376884,,,,,,,,,,
2026-01-15,BHEL.NS,BHEL,,,267.45001220703125,,,,,,,,,,,,,,,,,,,,,3.5841300144985935,1.5190261227059747,1.5838531189486316,0.7451286709683205,,40.479848420884295,32.61684586407729,-21.815724716237995,40.34003889372694,282.02500000000003,281.3830004882812,249.08933860778805,-1.5986553846328775,1.5421358226592907,-3.1407912072921684,10.061342636735459,304.5457154985823,259.50428450141766,51.03899709651311,,59.42456663302006,31.11407035175879,,,,,,,,,,
2026-01-15,SUZLON.NS,SUZLON,,,49.0099983215332,,,,,,,,,,,,,,,,,,,,,-31.10148767971549,1.5031601390121525,1.52267816044629,-0.484268893027414,,26.062356661158013,24.41075777165467,-31.883049328388104,32.06886082081798,52.124999618530275,53.71459983825683,58.55074991226194,-1.10373465189506,-0.6983371846508029,-0.40539746724425707,1.4113156366773956,55.638345398077135,48.611653838983415,26.80819693504182,,13.12852332729638,37.81557788944723,,,,,,,,,,
2026-01-15,INFY.NS,INFY,,,1599.800048828125,,,,,,,,,,,,,,,,,,,,,-18.458794848998615,1.2561471380857339,1.2221687365790197,-0.9976378052951972,,17.49723588891232,21.305722628677696,-28.358933842309387,46.92963132701257,1631.8950073242183,1586.2220043945315,1516.8500860595705,3.0163008263753,10.963401775819618,-7.947100949444318,27.867824329725696,1684.362229106459,1579.4277855419787,57.79524218465627,,64.3383706057481,49.232663316582915,,,,,,,,,,
2026-01-15,MAXHEALTH.NS,MAXHEALTH,,,1033.5999755859375,,,,,,,,,,,,,,,,,,,,,-11.51390058116977,1.0650187785759642,1.123904224122909,-0.35837672348951155,,20.526267884626076,24.876853823185513,-22.017078762348476,40.47432035398659,1051.775,1088.96400390625,1157.3372021484374,-18.69433602505046,-18.182577693446174,-0.5117583316042875,22.588240883270387,1094.8498194712129,1008.7001805287872,34.20568202384901,,23.78952412534026,44.45175879396985,,,,,,,,,,
2026-01-15,KPITTECH.NS,KPITTECH,,,1179.4000244140625,,,,,,,,,,,,,,,,,,,,,-26.335954776231556,1.6622321567311764,1.6966795308819869,-0.4764172911005092,,32.40352159941204,32.67260065769902,-26.419394715816036,47.8953278772014,1186.479998779297,1201.879997558594,1231.5782989501947,-8.545082458038223,-8.952659374652098,0.4075769166138752,32.61256260108891,1241.465766650442,1131.4942309081518,29.96026109922751,,24.606660933383377,23.304522613065323,,,,,,,,,,
2026-01-15,BAJAJHLDNG.NS,BAJAJHLDNG,,,10741.0,,,,,,,,,,,,,,,,,,,,,-6.815137882305013,1.2000367753290873,1.2506328006903698,-0.20626300380438922,,20.280841976051576,29.861199470790904,-25.758662078228433,36.21031710704881,11114.800000000001,11423.66,12614.03647460938,-143.11861403546027,-113.73955490021176,-29.37905913524851,311.31080707005833,11501.215974389048,10728.38402561095,28.865835704993426,,14.663026882053487,43.23869346733669,,,,,,,,,,
2026-01-15,SIEMENS.NS,SIEMENS,,,2970.800048828125,,,,,,,,,,,,,,,,,,,,,-39.51006806670495,0.9227666424577781,0.9695595269204133,-0.672708678164102,,22.736182950765432,22.494078447867253,-24.962040614483715,37.29785306863373,3069.685021972656,3143.340009765626,3130.0460241699193,-46.11490610913552,-34.962889227349926,-11.152016881785592,74.05497139473546,3183.2298536311755,2956.140190314137,37.3939047829592,,28.161490920884336,47.86884422110553,,,,,,,,,,
2026-01-15,PIIND.NS,PIIND,,,3287.60009765625,,,,,,,,,,,,,,,,,,,,,-23.015465979999114,0.8364664990320845,0.8964052553688728,-0.40313069903264614,,17.20553113591328,18.745864120115083,-26.189508100375335,50.634835951202646,3242.9750000000004,3370.146005859375,3684.7909179687485,-23.956609724236387,-37.68034961503891,13.72373989080252,62.674733377018924,3298.577286814393,3187.3727131856067,37.33232353047163,,21.446423560879087,64.37939698492463,,,,,,,,,,
2026-01-15,BPCL.NS,BPCL,,,356.8999938964844,,,,,,,,,,,,,,,,,,,,,20.0453232193929,0.9862572842950837,1.0257780489859403,1.1170533678388361,,23.608365111489153,22.804168606497164,-13.637125281552398,42.66612351150251,367.56999969482416,365.263998413086,326.6171008300782,-1.363894070826916,1.1969967864098934,-2.560890857236809,8.67625291939134,385.5214991452775,349.6185002443709,53.294975765136215,,56.066031754129604,49.66231155778895,,,,,,,,,,
2026-01-15,HYUNDAI.NS,HYUNDAI,,,2317.10009765625,,,,,,,,,,,,,,,,,,,,,23.71043392044978,0.8437584712531145,0.8441839302606469,0.7090608947880863,,20.70544202007395,23.832492538170488,-19.403413241089496,50.458021296585,2308.15,2327.815991210937,2174.9278277587887,-5.422187688797749,-7.799342462919925,2.377154774122176,47.50785419214233,2354.7950479205083,2261.504952079492,51.96241241660725,,50.740985565973446,56.978391959799,,,,,,,,,,
2026-01-15,BIOCON.NS,BIOCON,,,379.0,,,,,,,,,,,,,,,,,,,,,-1.4124069756622615,1.2253036978337342,1.2115207749505468,-0.1013831160443893,,24.545829302655626,25.691732565702445,-24.679361490777197,42.99993365889222,389.4199981689453,392.9149993896484,363.513436126709,-3.7019456013298395,-1.9023500898100227,-1.7995955115198168,9.786916055140658,406.5308569696721,372.30913936821855,45.2326569192753,,45.24390808283623,40.43718592964824,,,,,,,,,,
2026-01-15,GODFRYPHLP.NS,GODFRYPHLP,,,2227.10009765625,,,,,,,,,,,,,,,,,,,,,14.831579602989983,1.061305998366665,1.1375693971540424,0.5952777627948697,,64.54838149032916,46.48731687890718,-43.37043444661494,32.992625825532876,2495.0350219726565,2726.1468798828123,2935.7392150878895,-187.47233969183753,-164.69992370953025,-22.77241598230728,100.89155890643886,3123.945114420958,1866.1249295243542,35.67192699457322,,26.54856406761873,44.152261306532665,,,,,,,,,,
2026-01-15,NTPCGREEN.NS,NTPCGREEN,,,91.75,,,,,,,,,,,,,,,,,,,,,-40.72704066870935,1.0721846054319453,1.1505255826464487,-0.8345083889116546,,18.817100560500553,16.70281288793334,-29.157172853705184,44.39744003542374,92.85849990844727,94.00239974975584,101.63509998321534,-0.47005342569993047,-0.2678378892456767,-0.20221553645425377,1.8909851953550825,97.10806874259691,88.60893107429763,38.60460836937893,,25.907993557344373,58.95075376884422,,,,,,,,,,
2026-01-15,RELIANCE.NS,RELIANCE,,,1458.800048828125,,,,,,,,,,,,,,,,,,,,,8.958777011477844,1.1828965467536214,1.1662717269080543,0.4906298494382772,,19.22257242689491,16.37733929698692,-11.819179830007531,33.18425997334371,1534.2749938964844,1533.8680029296877,1434.0596630859366,-19.120252961440656,-6.234813884463611,-12.885439076977045,26.27702393773986,1624.172950483031,1444.3770373099378,51.85036324965413,,51.9947744523925,53.33969849246231,,,,,,,,,,
2026-01-15,HAVELLS.NS,HAVELLS,,,1437.0999755859375,,,,,,,,,,,,,,,,,,,,,-19.545024215062494,0.7810331514461054,0.8190738503957291,-0.5500064892640831,,17.751341727788038,15.99847070059465,-16.1864355252188,48.54815366982517,1438.5349914550784,1435.874001464844,1512.6898254394537,6.45510047920402,5.816346703048563,0.6387537761554576,27.75783383998909,1494.9143773240467,1382.1556055861097,50.748495114359976,,47.47291934655147,59.68592964824121,,,,,,,,,,
2026-01-15,POLICYBZR.NS,POLICYBZR,,,1648.5,,,,,,,,,,,,,,,,,,,,,-26.39264420015114,1.5872774196318027,1.675649857053034,-0.24725657491431655,,30.45506596043717,31.15288221248495,-26.54828276904173,28.43667857697588,1800.9150207519529,1819.876015625,1776.286505126954,-52.26623694167347,-30.292280497290285,-21.973956444383184,46.61447940909037,1996.1345183220792,1605.695523181827,32.13185102047179,,26.473713746396957,28.40904522613065,,,,,,,,,,
2026-01-15,MUTHOOTFIN.NS,MUTHOOTFIN,,,3938.10009765625,,,,,,,,,,,,,,,,,,,,,95.7010889582472,0.6717652536878155,0.688460552462015,1.8276669321333057,,20.970481105475535,26.130524121401383,-16.530449177668537,61.807746163299086,3840.6599975585937,3731.3519970703137,2907.3673114013664,56.44119718301863,56.87075092384285,-0.42955374082421827,81.81247806969843,3975.5628683099717,3705.7571268072156,73.86703321619783,,89.20347385950784,59.3929648241206,,,,,,,,,,
2026-01-15,GLENMARK.NS,GLENMARK,,,2011.300048828125,,,,,,,,,,,,,,,,,,,,,28.63800544859564,0.6045159924027023,0.6391107261625362,0.7379920783675481,,20.62720290685533,21.523757296474923,-18.496403757778836,50.233002506473376,2030.0749938964843,1955.5120019531246,1825.9606109619142,18.803470365897283,27.190805508973632,-8.38733514307635,47.53928205573087,2098.5680935159626,1961.581894277006,63.7790177217568,,69.5242419494135,63.19497487437186,,,,,,,,,,
2026-01-15,JSWENERGY.NS,JSWENERGY,,,494.6499938964844,,,,,,,,,,,,,,,,,,,,,-30.388396459102246,1.3713659998127976,1.4186804391297116,-0.3226722053123855,,28.101223505078117,23.794326626937934,-25.507118054178136,51.30241981728686,491.0424987792969,491.5070001220703,509.69853637695303,3.5605253295879606,2.972034792859241,0.5884905367287194,12.61579080142033,520.823082017442,461.2619155411518,40.731619340761505,,39.02786958724005,35.72261306532663,,,,,,,,,,
2026-01-15,FORTIS.NS,FORTIS,,,909.9500122070312,,,,,,,,,,,,,,,,,,,,,22.30422006664823,0.9029329355790876,0.9381087625152379,0.8295330678404806,,24.475739585838312,26.369392142780224,-22.31077573185759,50.846823292271786,903.767498779297,912.6469995117185,858.0793359374999,0.8240831107065105,-1.155843558102327,1.9799266688088375,20.843064797572453,941.5492621816666,865.9857353769271,53.39810178116431,,55.087839487502784,52.57185929648241,,,,,,,,,,
2026-01-15,HCLTECH.NS,HCLTECH,,,1668.5,,,,,,,,,,,,,,,,,,,,,-13.42027271721425,1.2532519775587563,1.1981898024359214,-0.828498158242015,,16.476777494899874,18.512766468858736,-24.81807432108979,57.40626280296334,1649.454998779297,1634.6139965820312,1553.6230773925788,6.5339601222144665,4.97513800043041,1.5588221217840568,31.5925410373712,1693.9695208470496,1604.940476711544,58.84325661018007,,64.78459556666583,52.83316582914573,,,,,,,,,,
2026-01-15,GMRAIRPORT.NS,GMRAIRPORT,,,99.69999694824219,,,,,,,,,,,,,,,,,,,,,11.337212905317179,0.8245350109193554,0.902707374719941,1.1120325622851046,,30.50875529083118,25.45848160714261,-11.551550102469466,41.16425313046291,102.71349906921387,101.98579940795895,91.59029975891121,-0.3398234935517763,0.34897665360030405,-0.6888001471520804,2.500980778266253,106.92756847328337,98.49942966514436,54.78841536665683,,61.42678585093706,42.980904522613066,,,,,,,,,,
2026-01-15,MFSL.NS,MFSL,,,1649.0999755859375,,,,,,,,,,,,,,,,,,,,,34.574525732340014,0.7328302384923079,0.727680494502137,1.5632050484527165,,16.654268579605073,20.836578204981635,-12.174493656799468,42.94354863376534,1679.5899963378909,1681.6440039062497,1540.8557501220705,-2.3826807235520846,2.5347900256222013,-4.917470749174286,40.330353619744216,1729.6142367210161,1629.565755954765,57.10607011368178,,56.07514731015483,66.7894472361809,,,,,,,,,,
2026-01-15,TRENT.NS,TRENT,,,3932.199951171875,,,,,,,,,,,,,,,,,,,,,-47.27436595164131,1.428511690100086,1.4633259598693398,-1.34478329318882,,35.232555568459006,27.916001992341034,-38.57364660982522,36.770962616488085,4159.2149658203125,4220.847978515624,5017.590385742189,-71.99999566844599,-43.68746485260775,-28.312530815838244,111.61188712072155,4470.133748070018,3848.296183570607,25.795363814479703,,14.863614665058432,28.92010050251256,,,,,,,,,,
2026-01-15,HAL.NS,HAL,,,4461.39990234375,,,,,,,,,,,,,,,,,,,,,-6.524382957044793,1.0969656312525071,1.1472814995172018,0.33674804920741014,,18.698624992239754,20.332225860682758,-25.71764866983206,51.36499476915673,4422.779956054688,4487.613984375001,4627.0114807128875,10.47668999823236,-2.5881789956764036,13.064868993908764,88.91073966026205,4569.315696676852,4276.244215432523,42.538877612621974,,32.31068322030749,60.64824120603015,,,,,,,,,,
2026-01-15,IGL.NS,IGL,,,181.3800048828125,,,,,,,,,,,,,,,,,,,,,-9.401073192454556,1.1304816685425314,1.1328083271246752,-0.5885832259488241,,24.8777118258929,23.79355098033404,-19.98688240047084,33.66296550738455,190.85100021362305,195.57980041503907,203.45137336730951,-3.2870568382471106,-2.426284768631575,-0.8607720696155354,4.4786849425877975,200.51788176445405,181.18411866279206,28.353967363203903,,16.33884979648059,36.74572864321608,,,,,,,,,,
2026-01-15,BAJAJ-AUTO.NS,BAJAJ-AUTO,,,9579.5,,,,,,,,,,,,,,,,,,,,,4.029633031703863,1.0972401656185058,1.100848430959051,0.27905877866014134,,17.44283414961327,15.528882955348047,-20.193104487631185,60.70022495172021,9358.425000000001,9121.189999999997,8608.855283203124,153.87436417157187,144.39441649263279,9.479947678939084,175.82131396914278,9903.795205022394,8813.054794977605,67.92138429639132,,77.07939625611743,62.94773869346734,,,,,,,,,,
2026-01-15,DMART.NS,DMART,,,3830.300048828125,,,,,,,,,,,,,,,,,,,,,-4.374665667211638,0.7391014792815354,0.7915043946217815,0.0737854483564112,,21.846270382002498,18.4839429625625,-24.496299747452234,50.87785155469853,3780.165002441406,3892.4020117187524,4185.710238037109,-25.5737838325108,-45.88457768999345,20.31079385748265,83.47482158581491,3891.116424432759,3669.2135804500535,42.820216747260595,,31.64101326064696,63.58844221105528,,,,,,,,,,
2026-01-15,JUBLFOOD.NS,JUBLFOOD,,,529.2999877929688,,,,,,,,,,,,,,,,,,,,,-27.848904314948914,1.076353518181705,1.1045527733818945,-1.262603606169016,,19.815218007486138,23.002445249721255,-29.351224996669366,33.17707062325606,549.125,573.2990002441406,636.3161874389648,-14.316254530216042,-12.688740350345444,-1.627514179870598,12.158867963143,581.4053122037627,516.8446877962373,29.198794390937852,,13.097729401175567,48.65025125628141,,,,,,,,,,
2026-01-15,TORNTPOWER.NS,TORNTPOWER,,,1345.0999755859375,,,,,,,,,,,,,,,,,,,,,-21.184460259744814,1.1508445467820034,1.1989100690019192,-0.09556977539087062,,27.419301556511233,24.693546397581557,-25.82723413540785,53.94653864639699,1324.2950012207032,1307.2039990234377,1357.4904772949224,17.334422966815055,16.817691812106563,0.5167311547084914,33.02028607247598,1423.516503118159,1225.0734993232472,47.52314715953469,,48.804579460026744,41.8427135678392,,,,,,,,,,
2026-01-15,SBIN.NS,SBIN,,,1028.3499755859375,,,,,,,,,,,,,,,,,,,,,17.90692366343092,0.8513824131263504,0.8721965570949374,1.6778734686245862,,13.887526305811871,14.419650401161768,-11.607314781065202,70.88666191605319,990.7350006103517,976.0919970703123,858.623965148926,15.014684475667536,11.488923913189804,3.525760562477732,13.69151270838615,1032.9181171525804,948.5518840681228,78.33965188929095,,91.38122264695485,74.07537688442211,,,,,,,,,,
2026-01-15,IDFCFIRSTB.NS,IDFCFIRSTB,,,83.06999969482422,,,,,,,,,,,,,,,,,,,,,23.56784927534378,1.0206851720292418,1.0443905197466221,0.9546094959555438,,18.26962347847915,21.70598902044901,-17.475424126733095,46.068934422545546,84.79300003051759,82.32940048217772,73.24862581253052,0.5887685908979847,0.9958921628336534,-0.4071235719356687,1.7782825487722889,86.53140963037548,83.05459043065967,67.22454197504322,,77.22105997718833,59.45778894472362,,,,,,,,,,
2026-01-15,SHRIRAMFIN.NS,SHRIRAMFIN,,,981.0999755859375,,,,,,,,,,,,,,,,,,,,,56.54986083223525,1.6344086334849357,1.6560796695207312,1.7383488403472742,,25.291662561205996,24.9055571338113,-18.764308569351186,63.785450231125495,971.7850006103515,889.4950012207033,708.1452166748046,31.32182113022475,38.10891715105147,-6.7870960208267235,22.181724891524716,1044.208496543213,899.3615046774901,74.67780741593717,,98.13744028336023,40.70653266331659,,,,,,,,,,
2026-01-15,DRREDDY.NS,DRREDDY,,,1186.5,,,,,,,,,,,,,,,,,,,,,-9.252859689544229,0.8198627146742297,0.8240811997203595,-0.8886316793104755,,14.637002574829053,17.564354392577343,-18.664721556156984,26.562704618369818,1250.0300109863283,1249.9160009765624,1245.3945117187502,-16.50734291177787,-7.718617923114698,-8.788724988663171,19.816580215547923,1311.7854201848713,1188.2746017877848,37.900886391509566,,23.949032690646852,60.68140703517588,,,,,,,,,,
2026-01-15,BSE.NS,BSE,,,2836.800048828125,,,,,,,,,,,,,,,,,,,,,52.46016810938643,1.7548320307867693,1.7407461774579176,0.8466380642943799,,34.48230763753459,35.96662481139764,-36.4909401542744,61.4921851441469,2697.7749877929687,2737.1659960937504,2468.021204833984,23.051062695615656,2.5572827921879937,20.49377990342766,78.51223450666994,2835.4858498447484,2560.064125741189,63.180701752254954,,78.88425812893328,37.10251256281407,,,,,,,,,,
2026-01-15,ITC.NS,ITC,,,334.75,,,,,,,,,,,,,,,,,,,,,-27.274733200461394,0.4952409453450822,0.5019626018747841,-1.7165716370433506,,32.41538655421708,21.083933542825324,-25.14381428455691,13.082813342567219,373.412501525879,391.70099914550786,408.4042721557618,-18.42565656404156,-14.211724400750843,-4.213932163290718,6.553090710475132,436.4909990949071,310.33400395685067,30.97313697647856,,17.312450577761904,46.097989949748744,,,,,,,,,,
2026-01-15,ADANIPORTS.NS,ADANIPORTS,,,1430.0,,,,,,,,,,,,,,,,,,,,,9.387670348883043,1.2392609827622274,1.2821488063530064,0.9543010606270882,,14.625560422229167,15.894121201649321,-11.343043209211224,35.07567415876355,1473.0399963378907,1486.1059985351558,1399.3367993164059,-13.914690721381703,-7.9639899251063415,-5.9507007962753615,23.668347701825912,1521.7892922442434,1424.290700431538,50.39634851398237,,46.2995579784346,61.03467336683417,,,,,,,,,,
2026-01-15,VBL.NS,VBL,,,502.3999938964844,,,,,,,,,,,,,,,,,,,,,-25.703709893811077,1.0049802558517928,1.0265192756741346,-0.637709541583839,,20.118175421107193,25.705224882768547,-25.658512283439137,60.65714023535184,488.7825012207032,476.1459997558592,483.5984684753417,6.984281679527385,6.380969815352104,0.6033118641752804,11.326654927396023,509.75866211690345,467.8063403245028,60.41685095366447,,70.20601010855583,46.3608040201005,,,,,,,,,,
2026-01-15,PATANJALI.NS,PATANJALI,,,543.5499877929688,,,,,,,,,,,,,,,,,,,,,-16.15038657475802,0.7840590291295643,0.8083164714196646,-0.6645697768119534,,27.29206378639531,21.257902494467444,-20.39445500272089,42.44433840172485,553.7700012207032,559.5953088378907,584.2753140258782,-1.048258724461789,-0.4415529652966596,-0.6067057591651293,12.844109753808219,574.7946703248639,532.7453321165423,34.792882995268016,,24.15301853721107,46.18542713567839,,,,,,,,,,
2026-01-15,GAIL.NS,GAIL,,,165.1699981689453,,,,,,,,,,,,,,,,,,,,,-21.42807010999134,1.2349202446608292,1.2708610855076372,-0.26155643079012,,17.245753476835706,19.705347338803023,-17.80042252190229,38.28838178587996,169.51200027465822,174.02640075683593,180.08143486022948,-2.121054432401138,-1.7119843223630018,-0.4090701100381362,3.1223756939839746,175.87188237602288,163.1521181732935,32.881826463718156,,19.332815272883636,49.63618090452262,,,,,,,,,,
2026-01-15,ADANIGREEN.NS,ADANIGREEN,,,935.2999877929688,,,,,,,,,,,,,,,,,,,,,-26.85231209696497,1.6436200612213938,1.7248770812018361,-0.051377931346954675,,23.082922725072123,35.89177280941571,-28.719159469665488,27.68484081027608,1001.2350036621093,1023.0420007324219,998.6707489013683,-20.575639448533593,-11.530002294115079,-9.045637154418515,23.246635833746943,1067.283108587475,935.186898736744,28.35479176561237,,17.19621311780075,34.60603015075377,,,,,,,,,,
2026-01-15,TMPV.NS,TMPV,,,349.79998779296875,,,,,,,,,,,,,,,,,,,,,,,,-2.5979300092081337,,15.996772704618238,20.05474471390612,-17.64988155959607,38.82273641442611,359.0149978637695,364.735,,-2.2431998268416464,-1.1508222981036678,-1.0923775287379787,7.299924464486245,375.34115291799526,342.68884280954376,38.81944444444445,,31.375,46.25,,,,,,,,,,
2026-01-15,BRITANNIA.NS,BRITANNIA,,,5906.5,,,,,,,,,,,,,,,,,,,,,20.163777046507185,0.43222602802087917,0.42336524672487086,0.6292278609772147,,15.998129082208068,16.41403084889568,-12.03821820215014,42.875857318986505,6032.275,5950.359999999999,5711.696828613277,2.090554246148713,23.753896669359044,-21.66334242321033,112.83801965697714,6168.668577175569,5895.88142282443,52.240281821645496,,46.07311029403726,69.89849246231157,,,,,,,,,,
2026-01-15,ITCHOTELS.NS,ITCHOTELS,,,191.91000366210938,,,,,,,,,,,,,,,,,,,,,7.283358029501197,0.8151419107624502,0.8151419107624502,0.14838753385130235,,21.272109199266023,21.129196347672654,-25.538762535267423,39.27189500592269,195.22900085449217,201.52979980468749,215.68269966125507,-2.322718791891731,-2.3016215797760142,-0.02109721211571669,4.222740067486759,200.94798386636432,189.51001784262007,36.89709659408153,,21.861809045226135,61.38241206030151,,,,,,,,,,
2026-01-15,EXIDEIND.NS,EXIDEIND,,,345.3500061035156,,,,,,,,,,,,,,,,,,,,,-29.69924080203141,1.2480085607757794,1.2851989758201772,-0.5638687075817309,,16.931348743687685,16.856209280170773,-19.188018913971284,31.577860514975313,360.08749847412105,369.01299987792976,382.5154997253421,-6.2967682134895995,-4.731251037659976,-1.5655171758296236,6.7532214737317515,375.8709892761351,344.3040076721071,33.70024556753634,,20.00697468488199,51.63366834170854,,,,,,,,,,
2026-01-15,ATGL.NS,ATGL,,,554.4000244140625,,,,,,,,,,,,,,,,,,,,,-28.0166566064173,1.1974307687533747,1.2791260392831951,-0.5250084503388905,,21.564774165003193,41.64640783535114,-28.99135133985751,34.85059766026321,568.3525024414063,589.1470031738282,622.29835357666,-8.710773267754234,-7.889329841628248,-0.8214434261259864,11.93837832372637,589.021033109302,547.6839717735105,27.374342868965737,,14.058138772178514,38.0391959798995,,,,,,,,,,
2026-01-15,NHPC.NS,NHPC,,,81.29000091552734,,,,,,,,,,,,,,,,,,,,,-8.028633767172654,1.1523389254469332,1.211478365284827,0.24921165637955012,,21.38574418001225,21.054088313618724,-16.977487640499135,55.16345493840424,80.01300048828126,79.1236004638672,83.31659423828125,1.0860377233362755,0.8978773207914817,0.18816040254479371,1.7649233514173976,85.52943114958842,74.49656982697408,52.030116540319845,,54.87732535046516,46.94221105527638,,,,,,,,,,
2026-01-15,POWERGRID.NS,POWERGRID,,,258.3500061035156,,,,,,,,,,,,,,,,,,,,,-23.100057876333562,1.0247065920059666,1.0612643710037233,-0.6573010826170448,,15.830803541810997,17.163644058076912,-17.680172919722715,38.68526689214887,263.7774993896484,267.0055969238282,281.89734344482406,-2.2500427185275385,-1.6506549811062863,-0.5993877374212522,4.750016107965427,272.81772727694926,254.73727150234762,36.05609017612436,,22.43804774415952,56.1572864321608,,,,,,,,,,
2026-01-15,ADANIENT.NS,ADANIENT,,,2153.300048828125,,,,,,,,,,,,,,,,,,,,,-17.476992039692497,1.5354099838680333,1.609247419489578,-0.34846756181507305,,21.029197764628755,25.602278553988615,-19.5449063145437,35.99045087478439,2225.8550048828124,2280.0878662109376,2414.7719812011724,-29.86103910426027,-23.557738842718557,-6.303300261541715,45.02115064165758,2307.253161336,2144.4568484296246,27.792228121511595,,16.86098549309273,32.91256281407035,,,,,,,,,,
2026-01-15,BHARTIARTL.NS,BHARTIARTL,,,2022.5,,,,,,,,,,,,,,,,,,,,,22.94070937755777,0.9135037633747838,0.9088203655858603,0.8630424643093265,,14.943085496498776,17.358831941721885,-8.552461321436288,35.24464953912366,2089.9000000000005,2095.478002929687,1947.1119482421875,-15.899184827242152,-5.782752084116552,-10.1164327431256,32.633425700139135,2160.5783584677984,2019.2216415322016,52.96399745079438,,49.7470547079123,63.97035175879397,,,,,,,,,,
2026-01-15,TATAPOWER.NS,TATAPOWER,,,367.3999938964844,,,,,,,,,,,,,,,,,,,,,-20.183115419002082,1.23976988392818,1.2932138307555048,0.058207679852686246,,18.708831465652786,16.997930753573222,-12.032800324382642,38.41325078229068,378.2050033569337,382.97900146484375,389.4265447998048,-3.6000518972667805,-2.217195747887743,-1.3828561493790374,6.600324183063867,392.38519521443925,364.024811499428,33.97341319440649,,21.77847540822313,48.43417085427136,,,,,,,,,,
2026-01-15,BDL.NS,BDL,,,1513.5999755859375,,,,,,,,,,,,,,,,,,,,,20.955730163355348,1.3596471571253683,1.4222562699653343,0.5611834441490943,,31.918462146247673,32.64146703191461,-34.26767916986533,55.378669694126785,1481.4599914550786,1483.2380004882818,1596.1585955810538,18.86146091849946,13.336469740286484,5.524991178212977,42.42003194685529,1592.397581682128,1370.5224012280282,48.247042642104255,,50.71522951960674,40.32361809045226,,,,,,,,,,
2026-01-15,DLF.NS,DLF,,,651.0499877929688,,,,,,,,,,,,,,,,,,,,,-27.711290099672702,1.6482021957599875,1.696235600487451,-0.524235697064131,,21.893449439777772,20.05230835979789,-25.505533936917036,28.65344932796075,686.752508544922,710.1350024414064,748.0302224731445,-12.055660455994257,-8.593491872977253,-3.4621685830170037,15.337750416916471,720.1252811607986,653.3797359290451,29.730027139970264,,17.27183779667008,40.60552763819096,,,,,,,,,,
2026-01-15,GODREJPROP.NS,GODREJPROP,,,1871.4000244140625,,,,,,,,,,,,,,,,,,,,,-37.81574490882799,1.762145501443603,1.8138862746091162,-0.718781091001482,,32.20210090017163,28.686275136317963,-24.151907454348432,31.290366510484834,2016.545007324219,2068.1760083007807,2139.550255126954,-32.304213788847846,-16.235442291285935,-16.06877149756191,54.821541844988175,2161.190706252621,1871.8993083958162,24.88518966599981,,16.392537378699153,21.002010050251254,,,,,,,,,,
2026-01-15,PIDILITIND.NS,PIDILITIND,,,1495.300048828125,,,,,,,,,,,,,,,,,,,,,-9.320677421066435,0.5130677268884296,0.5518171780258153,0.02333797141441712,,13.51861493757521,14.767633625705468,-10.228830010924417,55.44909045505015,1476.0750122070312,1472.5420068359372,1494.9026177978524,8.602997103086409,5.835301384421735,2.7676957186646742,22.307982315318704,1522.090413209532,1430.0596112045305,62.401954620414955,,65.24472434689766,67.69698492462312,,,,,,,,,,
2026-01-15,IRCTC.NS,IRCTC,,,627.4500122070312,,,,,,,,,,,,,,,,,,,,,-27.823890374674015,1.2597055716227399,1.278759698629321,-1.0316462114179639,,21.99714530601165,16.68561523372977,-22.724781544525506,27.869151738613525,670.9025024414062,679.9535351562502,723.4552990722655,-12.47147727358265,-6.506009236955013,-5.965468036627637,12.660417922137912,716.1410306044226,625.6639742783899,29.05364948179784,,14.043704745628068,45.6321608040201,,,,,,,,,,
2026-01-15,M&M.NS,M&M,,,3649.5,,,,,,,,,,,,,,,,,,,,,16.506514595851733,1.2375480332350801,1.2538052987537622,0.5165198633916531,,14.260069599692557,18.844519636131437,-22.110713882581823,45.12293626285609,3678.6250244140624,3683.6100146484364,3318.8332861328145,9.230317956299587,16.23008673976259,-6.999768783463004,66.40638398063383,3816.512492249082,3540.737556579043,55.13140482850965,,53.74225733453343,63.7356783919598,,,,,,,,,,
2026-01-15,COLPAL.NS,COLPAL,,,2092.300048828125,,,,,,,,,,,,,,,,,,,,,-28.292232860598126,0.6073554440571914,0.6276170439774955,-1.4906822053286146,,16.21485136957583,15.361472519552253,-27.854742200096084,47.434392321527,2086.3850158691407,2131.951994628906,2298.720985717773,-14.270988990007936,-19.035125409329567,4.7641364193216305,33.766373422450776,2122.8285780170377,2049.9414537212438,34.04860540718256,,13.409700788204987,69.69447236180903,,,,,,,,,,
2026-01-15,BAJAJFINSV.NS,BAJAJFINSV,,,2000.9000244140625,,,,,,,,,,,,,,,,,,,,,18.159085517775996,1.1688661639311562,1.1666183786600344,0.4655817280254146,,12.959899207656353,19.713637804583943,-9.314505503150949,40.298766067384705,2026.9150024414064,2048.996003417969,2022.4957183837882,-13.255126291806164,-10.871951944395706,-2.383174347410458,31.56899305448627,2061.8980162369576,1991.9319886458545,38.36704034231265,,27.76439120912758,53.24070351758794,,,,,,,,,,
2026-01-15,SRF.NS,SRF,,,3032.0,,,,,,,,,,,,,,,,,,,,,27.78549458545187,0.9882862041483288,1.0147874306616658,0.34429053290421985,,17.462437238114415,19.314022024144794,-15.1057045402342,50.32794204469349,3068.485009765625,2960.206005859375,2988.95888671875,17.669909684323557,28.525415520955782,-10.855505836632226,59.516895391523434,3123.259787129056,3013.710232402194,57.40498937358617,,60.82425725436464,56.26180904522613,,,,,,,,,,
2026-01-15,BAJFINANCE.NS,BAJFINANCE,,,945.9500122070312,,,,,,,,,,,,,,,,,,,,,34.37051724270379,1.0549877052735026,1.0613176785783747,0.8378352423788098,,14.430962311447937,23.588923091071596,-13.544761586638455,29.500549734128064,984.6074981689453,1006.0350012207032,955.6724908447262,-16.52219789935168,-12.829055088342708,-3.6931428110089737,17.814972001922534,1028.3664602616404,940.8485360762501,40.86299279007235,,31.212281494492036,55.85276381909548,,,,,,,,,,
2026-01-15,INDIGO.NS,INDIGO,,,4733.0,,,,,,,,,,,,,,,,,,,,,1.4090874693688615,1.0308795614993604,1.076367230746401,0.3740815000125797,,32.02412934717382,24.504181789563404,-23.10941434489481,25.345024317702386,5016.85,5321.959999999999,5548.63128173828,-132.71638273217013,-118.86000784042247,-13.856374891747663,101.97452565319637,5279.646919792927,4754.053080207073,34.79749383449356,,25.13297633927433,43.756281407035175,,,,,,,,,,
2026-01-15,NYKAA.NS,NYKAA,,,254.85000610351562,,,,,,,,,,,,,,,,,,,,,49.20734788086337,0.937781713842604,0.9618235763052125,1.3465127904197856,,19.93841284100615,26.15642441551249,-11.274998970556027,44.63228441962446,258.7500007629394,258.76920074462896,227.00119972229027,-0.022519891368233402,1.0320979657101848,-1.0546178570784182,6.090505255873217,272.2588985316289,245.24110299425,55.18122175619051,,59.499063482750955,49.5678391959799,,,,,,,,,,
2026-01-15,EICHERMOT.NS,EICHERMOT,,,7358.0,,,,,,,,,,,,,,,,,,,,,49.62057609266603,0.9012510848555092,0.923250785201978,1.5986811860271355,,14.595705407940477,16.581265065695998,-14.254589700823072,52.486199547259766,7358.500000000001,7169.05,6228.735087890626,81.50991641802739,90.06067067427938,-8.550754256251992,127.35334297236182,7607.282932228556,7109.717067771444,70.16105707815527,,77.02055600701112,73.17336683417086,,,,,,,,,,
2026-01-15,LT.NS,LT,,,3865.800048828125,,,,,,,,,,,,,,,,,,,,,-5.290564781145895,1.1483785369529103,1.149500364747385,0.2286575367513162,,16.90136992102633,14.99319231217921,-14.997214514481605,29.436150614701855,4057.104992675781,4029.3760009765633,3693.2972290039065,-17.38737991671769,11.334414365871176,-28.721794282588867,71.84237177421062,4212.666052146241,3901.543933205322,53.35899070730334,,52.6288968409852,58.54321608040201,,,,,,,,,,
2026-01-15,CHOLAFIN.NS,CHOLAFIN,,,1689.5,,,,,,,,,,,,,,,,,,,,,27.931789760264298,1.2958994022093921,1.3191479438808444,0.8042127696017034,,29.524597525173156,26.622521640976586,-14.64452766380383,44.80750608107547,1711.4250061035157,1709.8260009765625,1599.5679711914067,5.5718515196711,10.42125389885434,-4.849402379183241,42.194464887965005,1812.6588217048838,1610.1911905021475,46.21846967493985,,50.26158712343443,32.32914572864322,,,,,,,,,,
2026-01-15,MAZDOCK.NS,MAZDOCK,,,2470.800048828125,,,,,,,,,,,,,,,,,,,,,-2.4081861476896,1.3286292260744308,1.4312248138314438,0.3066311062235224,,28.980389684007434,25.620747889241684,-36.98277383322149,43.53506972534764,2494.204968261719,2580.157993164062,2852.857423095704,-20.179921734311392,-26.014233860195674,5.834312125884281,70.16030771293758,2587.0304726720337,2401.379463851404,33.97225953310181,,23.579614898276734,43.92613065326633,,,,,,,,,,
2026-01-15,ADANIPOWER.NS,ADANIPOWER,,,142.77000427246094,,,,,,,,,,,,,,,,,,,,,29.21015168450482,1.2230558084042478,1.3412233122611312,0.9088977298608192,,24.886315200058235,50.596205993663744,-18.58531778898912,45.84213740110583,143.87549972534183,145.96099975585935,129.09030002594,-0.6047819995879422,-0.548099610625467,-0.05668238896247524,3.349843223124655,148.5816614633575,139.1693379873261,49.486402603623226,,53.700449309637385,38.437688442211055,,,,,,,,,,
2026-01-15,TITAN.NS,TITAN,,,4221.5,,,,,,,,,,,,,,,,,,,,,17.62636417362569,0.7151291585105396,0.7209442216179052,0.7579571445472398,,17.136486109738826,17.39987228402081,-16.976123818435706,71.03900951333708,4061.885021972656,3938.8880029296874,3604.256806640625,96.11827775940401,80.79882336284591,15.3194543965581,69.11004577189621,4323.8741296434455,3799.895914301868,75.91137076891994,,88.20428647953327,71.09045226130652,,,,,,,,,,
2026-01-15,HDFCLIFE.NS,HDFCLIFE,,,743.2000122070312,,,,,,,,,,,,,,,,,,,,,11.752685824406935,0.8433802520829458,0.8457211074299381,0.7129243628378493,,15.167186124454249,17.397255178385436,-10.125262611202901,41.703938862769604,755.8249969482421,761.6129980468752,756.0285562133793,-2.6462801192118377,-1.5829813646589979,-1.0632987545528398,13.437844750774323,774.280152038627,737.3698418578574,41.56972567292187,,29.073948422314622,64.37889447236181,,,,,,,,,,
2026-01-15,ABB.NS,ABB,,,4935.0,,,,,,,,,,,,,,,,,,,,,-38.40926218906882,1.1297352976732642,1.1667983908599195,-1.148619202942349,,22.980561376264387,18.927451764319688,-24.39065126893173,37.002340368979446,5141.95,5129.429999999998,5391.280986328128,-39.28314351606241,-10.604991024774296,-28.678152491288113,112.73118753828776,5322.492719831532,4961.407280168468,28.44939697277784,,13.270422088688548,44.846231155778895,,,,,,,,,,
2026-01-15,SWIGGY.NS,SWIGGY,,,347.04998779296875,,,,,,,,,,,,,,,,,,,,,-39.35438791339759,1.27883644907875,1.3354373161925852,-0.8133768678986933,,30.089849618991472,30.458756898922978,-37.61543040933636,26.765669868923922,381.6099990844726,390.12699951171885,386.2537503051758,-13.724047462441717,-9.578641471805597,-4.145405990636121,11.551255295158176,427.35962235196087,335.8603758169844,25.8928538834694,,13.314875683712254,33.23065326633166,,,,,,,,,,
2026-01-15,APOLLOHOSP.NS,APOLLOHOSP,,,7272.5,,,,,,,,,,,,,,,,,,,,,-3.0263806727941414,0.7978123078812377,0.8116309075246967,-0.029089530212035836,,17.852834895687607,15.239262892305005,-13.64827758362457,53.342679423800554,7163.425,7248.869999999998,7318.7665283203105,25.976701537996632,-3.304725593535247,29.281427131531878,118.95031126964291,7443.6495856831,6883.200414316901,53.1784618848007,,50.72746254842013,62.48442211055276,,,,,,,,,,
2026-01-15,OBEROIRLTY.NS,OBEROIRLTY,,,1648.4000244140625,,,,,,,,,,,,,,,,,,,,,-26.426900015693306,1.5327419522305283,1.5772765483464253,-1.0221420385862314,,21.10042058019138,22.95807413814807,-26.248295699897717,43.701642096429644,1679.0950012207031,1682.223996582031,1693.5684832763664,2.275485023307283,6.857455563546414,-4.581970540239131,42.10475305435186,1744.8421291899156,1613.3478732514907,31.654617702159985,,22.013085733234703,37.413065326633166,,,,,,,,,,
2026-01-15,ALKEM.NS,ALKEM,,,5830.5,,,,,,,,,,,,,,,,,,,,,2.8563088431854804,0.6881068644550528,0.712221553284047,0.2268549538424039,,16.682606463732792,14.2518990675741,-12.631797452747673,63.346606199200025,5633.424999999999,5657.420000000002,5279.002907714845,59.81311068064497,24.26756542681361,35.54554525383136,112.04207924164446,5910.741326127519,5356.108673872482,65.41062568502817,,70.86254331847782,67.19145728643215,,,,,,,,,,
2026-01-15,SBILIFE.NS,SBILIFE,,,2068.800048828125,,,,,,,,,,,,,,,,,,,,,36.71985407984394,0.873608863087632,0.8682158785687787,1.4116937892388295,,12.95066033417992,14.328621244135,-9.887237836285623,56.50925730632037,2047.6050109863281,2021.8160083007822,1846.9832513427737,20.9984045959593,19.494585066454267,1.5038195295050336,30.961694199535184,2110.4684615935835,1984.7415603790728,72.00393705697127,,80.57713695380455,72.5748743718593,,,,,,,,,,
2026-01-15,LICI.NS,LICI,,,826.7000122070312,,,,,,,,,,,,,,,,,,,,,-19.416348047888846,0.8461361655522751,0.8790430917947053,-0.16354675869475244,,12.77508250663396,15.301506343380025,-15.110595748614585,33.58223712599975,846.7650024414062,870.9210009765628,877.6974670410159,-10.203498639434656,-9.070148865275563,-1.1333497741590932,12.147779078532956,866.9210576756041,826.6089472072085,43.266063943114176,,31.127960323736158,66.87738693467337,,,,,,,,,,
2026-01-15,BAJAJHFL.NS,BAJAJHFL,,,93.48999786376953,,,,,,,,,,,,,,,,,,,,,-38.71040069717778,0.9476598745995368,1.0036783159403293,-1.008357511139057,,14.160670614696352,17.80432975886514,-29.334848293847138,34.94001766580571,95.1439998626709,99.44079986572265,113.13530017852787,-1.3115616348383696,-1.4337343260211135,0.12217269118274388,1.4694966442272035,97.43427606210184,92.85372366323995,37.62170367590106,,21.53253395330532,65.46633165829147,,,,,,,,,,
2026-01-15,CGPOWER.NS,CGPOWER,,,576.9000244140625,,,,,,,,,,,,,,,,,,,,,-31.0458568729539,1.4237153567501963,1.4773408733039215,-0.3903122097675604,,21.37579598205069,21.378232349664376,-27.177478474552576,18.551463842203567,637.2549987792969,671.9920019531248,684.8364996337888,-23.909649464006748,-17.856191411546362,-6.053458052460385,17.601915317602156,697.7681184861998,576.741879072394,32.18582652202274,,19.926246533610765,45.02060301507537,,,,,,,,,,
2026-01-15,FEDERALBNK.NS,FEDERALBNK,,,246.85000610351562,,,,,,,,,,,,,,,,,,,,,11.646700688993885,0.6194268450875939,0.6317875748643592,0.9502230860105465,,15.941611049826191,20.333168783350356,-12.651076125241655,31.96188813651262,261.16250152587895,255.1386016845704,215.96847854614262,-1.3773367512197865,1.217750276070987,-2.5950870272907736,5.214306583578688,274.1100024513882,248.21500060036962,61.51497872895216,,63.84937377241538,67.19396984924623,,,,,,,,,,
2026-01-15,BHARATFORG.NS,BHARATFORG,,,1447.199951171875,,,,,,,,,,,,,,,,,,,,,3.0381175956776634,1.526494151022557,1.5439655977255113,0.49028824024019657,,15.958895862927694,21.88768669485598,-22.312979268220403,51.3326679228205,1456.199993896484,1422.7879956054687,1260.8556292724606,12.483876185835925,16.952444518688715,-4.46856833285279,28.200232185528844,1490.833051368131,1421.5669364248376,64.9343245516115,,75.19635705722229,54.21356783919598,,,,,,,,,,
2026-01-15,PERSISTENT.NS,PERSISTENT,,,6274.0,,,,,,,,,,,,,,,,,,,,,-2.5693243347485497,1.568694413998519,1.5857260474509791,-0.19937336803694852,,28.20232916845413,28.929190024616364,-30.552116338617886,48.34274296621138,6335.25,6268.899999999999,5660.492766113281,24.97009218893527,32.30654022065962,-7.336448031724352,147.74054502683686,6542.321688577298,6128.178311422702,53.631555084260235,,62.97277905116591,33.91005025125628,,,,,,,,,,
2026-01-15,NESTLEIND.NS,NESTLEIND,,,1307.0999755859375,,,,,,,,,,,,,,,,,,,,,14.07867011661635,0.7340042794751409,0.7239068335582326,0.4980200548403155,,15.413297703291173,16.029185893718637,-11.882230737862331,59.884863350521066,1284.694989013672,1267.0459936523437,1207.7990136718759,16.40305170553006,14.214984120031179,2.1880675854988816,20.766145993481288,1338.2706653734267,1231.119312653917,69.47381573891536,,77.8572904406004,67.98894472361809,,,,,,,,,,
2026-01-15,PAGEIND.NS,PAGEIND,,,34320.0,,,,,,,,,,,,,,,,,,,,,-28.736276423617202,1.0287029147319717,1.0354950447246234,-1.6266300957123003,,15.528316082417106,17.893157978068977,-30.20442751983253,29.1651201297206,35600.25,37298.29882812501,42882.84677734375,-828.2820253081591,-780.2122456371737,-48.06977967098533,649.255585449918,37180.05170307853,34020.44829692147,34.67520403564839,,17.872653696327905,61.35678391959799,,,,,,,,,,
2026-01-15,MARICO.NS,MARICO,,,749.7999877929688,,,,,,,,,,,,,,,,,,,,,20.708955190174265,0.6018504987704444,0.5933458250988736,0.318751718466706,,17.20271692282573,15.357718992378333,-14.883881698521629,50.620107020721434,751.7124938964844,738.192001953125,716.5005688476565,6.483892187960009,7.683317557073661,-1.1994253691136514,12.350603226258059,777.9322285563343,725.4927592366345,65.01845088790986,,69.63502064346387,68.49547738693468,,,,,,,,,,
2026-01-15,COCHINSHIP.NS,COCHINSHIP,,,1534.4000244140625,,,,,,,,,,,,,,,,,,,,,-12.213402042557513,1.343411803430833,1.3957498785035312,0.13289346606314134,,28.982880643870384,29.317859153495817,-36.95486629868048,31.95333108993056,1603.9400085449217,1640.890864257813,1754.2111560058595,-22.918029081651866,-16.745021879766576,-6.173007201885291,43.69185049022222,1695.1559997267725,1512.7240173630714,30.097227617419954,,18.124959460099628,40.12512562814071,,,,,,,,,,
2026-01-15,ADANIENSOL.NS,ADANIENSOL,,,922.5999755859375,,,,,,,,,,,,,,,,,,,,,11.054791094232213,1.5595933649800215,1.635920570033909,0.38666150121252246,,26.0342903907354,28.83478381209279,-21.39440546827267,32.09901436098751,999.7499969482423,993.5049975585936,899.4395010375978,-9.692486945604287,3.4868066446486035,-13.17929359025289,27.41911496784787,1076.5311005835852,922.9688933128992,46.12755830558805,,49.86538384453085,32.9105527638191,,,,,,,,,,
2026-01-15,DIXON.NS,DIXON,,,11103.0,,,,,,,,,,,,,,,,,,,,,-39.82672420219259,1.473473957929151,1.5162999099186818,-1.10945096569682,,42.044235365048685,31.83458693792291,-39.430472969287,24.9682317697771,12171.550000000001,13532.699999999999,15365.584331054684,-607.1440774660277,-598.8112582398933,-8.332819226134461,434.81395916494876,13357.695189479931,10985.404810520067,25.301671600286504,,14.936174709661433,26.51708542713568,,,,,,,,,,
2026-01-15,CIPLA.NS,CIPLA,,,1434.5,,,,,,,,,,,,,,,,,,,,,-5.6202738871053795,0.903881665938794,0.9149367865669524,-0.308099212569748,,16.759356413699606,18.52607436187041,-13.771337998802636,31.72257619842091,1491.5650085449215,1505.0920068359374,1510.8077380371092,-15.398925356015525,-9.020622241727432,-6.378303114288093,22.36848633593314,1543.334446615883,1439.7955704739609,36.45080247745861,,23.70290174585764,54.7713567839196,,,,,,,,,,
2026-01-15,SBICARD.NS,SBICARD,,,846.5,,,,,,,,,,,,,,,,,,,,,13.754857643899848,1.0311396227954737,1.037370844804376,0.3970533285622485,,24.224056846698776,22.735523384905836,-22.6253663309673,42.18352651501103,865.1999999999999,868.6110021972657,883.330999450683,-2.447801079022611,-0.9369104510893054,-1.5108906279333054,18.318049264655187,892.7315954672947,837.6684045327054,36.14551587200364,,24.599617011817607,51.15577889447236,,,,,,,,,,
2026-01-15,MOTHERSON.NS,MOTHERSON,,,113.55000305175781,,,,,,,,,,,,,,,,,,,,,-1.0056629387795235,1.6510637752540247,1.681649948571647,0.3981264416319333,,19.977471577642785,23.734093594026255,-24.938810591419013,35.514179794096236,119.04650001525879,115.4805999755859,102.94272605895992,-0.2339561426243506,0.8839220386808373,-1.117878181305188,2.557808449074316,124.13972812810611,113.95327190241146,51.36703916812327,,54.09866045237062,45.90502512562814,,,,,,,,,,
2026-01-15,HEROMOTOCO.NS,HEROMOTOCO,,,5676.5,,,,,,,,,,,,,,,,,,,,,24.314376158888816,1.0466946205889016,1.0550774999485772,1.22028943444072,,21.3399983910543,21.148911244408836,-18.659190994936935,40.48277564810841,5777.825,5855.65,4911.417768554688,-26.679429771665127,-13.828985316706639,-12.850444454958488,120.54555145311923,6017.0617853690665,5538.588214630933,57.98708367394948,,61.43544408044574,57.35326633165829,,,,,,,,,,
2026-01-15,BOSCHLTD.NS,BOSCHLTD,,,37455.0,,,,,,,,,,,,,,,,,,,,,1.3940168969734066,0.8166931389708857,0.844261403813306,0.3097226652598012,,28.665590929690293,21.402653164806893,-17.440800456627613,51.217578838257474,37092.75,36884.59999999999,35347.79008789061,393.28546222476143,332.5932401884992,60.69222203626225,911.3301798398124,39873.025402866624,34312.474597133376,59.977125576314414,,68.40606221827046,48.88190954773869,,,,,,,,,,
2026-01-15,WIPRO.NS,WIPRO,,,260.20001220703125,,,,,,,,,,,,,,,,,,,,,-15.095095458845723,1.0948270705227923,1.0973812899774464,-0.5806477224332401,,19.80382810019522,20.301028827284064,-26.610249782526196,46.88074776519561,265.68300170898436,256.4262014770508,249.88818565368655,1.403412341872695,2.6160965250500037,-1.2126841831773087,4.577501846154984,272.49945982281236,258.8665435951564,59.44005155906031,,65.49259531887137,53.74874371859296,,,,,,,,,,
2026-01-15,GODREJCP.NS,GODREJCP,,,1226.9000244140625,,,,,,,,,,,,,,,,,,,,,5.991003465281347,0.5108187305199422,0.5128185773938498,0.015368313948733761,,12.291338730703819,18.359816082988857,-16.554305672798964,58.56448756678011,1219.3049865722658,1171.569995117188,1197.0928448486327,20.181179685336247,22.02644401730339,-1.8452643319671438,22.010755755978018,1266.506926265149,1172.103046879382,69.75627573853475,,77.76230135448817,69.49748743718592,,,,,,,,,,
2026-01-15,SUNPHARMA.NS,SUNPHARMA,,,1700.699951171875,,,,,,,,,,,,,,,,,,,,,-9.432974088266178,0.7172147250673547,0.737702844444355,-0.43747181783864786,,15.966760044297857,14.955045542903548,-14.832417452334557,38.08853896268458,1737.1949890136716,1759.9380004882812,1695.4364868164062,-9.03339627369337,-6.750051383993485,-2.283344889699885,28.86120840578038,1777.9004454660344,1696.4895325613093,51.465238649941355,,47.08144967039694,63.88994974874372,,,,,,,,,,
2026-01-15,HDFCBANK.NS,HDFCBANK,,,925.4500122070312,,,,,,,,,,,,,,,,,,,,,-4.017608145725247,0.8837298433708292,0.8892638470355694,0.4573936283542798,,12.291731486109411,11.626639901351147,-8.633627218798711,21.89984347537452,973.8375030517578,986.903997802734,972.6851501464843,-15.761792492535733,-9.591490730800027,-6.170301761735706,13.97077940303297,1024.1725583998277,923.5024477036881,42.950366691243666,,30.52091130052,66.97437185929648,,,,,,,,,,
2026-01-15,DIVISLAB.NS,DIVISLAB,,,6355.5,,,,,,,,,,,,,,,,,,,,,2.740047386427628,0.8123265211358366,0.8176835811194383,0.14223715498070136,,19.818776583137645,21.97868191192975,-18.158425215875397,43.24728014463646,6464.499999999999,6464.060000000001,6337.799458007814,12.341904373712168,15.965096206467866,-3.6231918327556976,138.82772765329813,6660.5459129893825,6268.4540870106175,46.63652275558763,,41.23257513091199,56.78291457286432,,,,,,,,,,
2026-01-15,COROMANDEL.NS,COROMANDEL,,,2320.5,,,,,,,,,,,,,,,,,,,,,27.773928984520367,0.9255060881422771,0.9850342531328345,0.5352434237024161,,32.16914832165691,26.167377047343958,-21.059665053636735,51.40803163415276,2322.2599731445316,2292.9139941406247,2291.462443237305,2.1969437060602104,2.5958520478591613,-0.39890834179895096,66.72500539695531,2430.493741763284,2214.026204525778,57.1623524114813,,65.38489765724925,43.768341708542714,,,,,,,,,,
2026-01-15,COFORGE.NS,COFORGE,,,1681.5999755859375,,,,,,,,,,,,,,,,,,,,,-8.639702937003916,1.5842685563121262,1.6299730705413866,-0.26034622066398627,,30.873754415240867,29.524420581251942,-31.4491025504803,42.3127839764154,1711.0749999999998,1794.5379907226566,1715.498956298828,-36.86039590784981,-41.65495148051687,4.794555572667065,45.190445307875905,1854.6953595519353,1567.4546404480648,32.324016302607234,,25.53941024921562,31.609547738693472,,,,,,,,,,
2026-01-15,ICICIGI.NS,ICICIGI,,,1857.699951171875,,,,,,,,,,,,,,,,,,,,,-9.01838208854653,0.8480840613156992,0.8602963160175616,-0.3068710374018808,,14.62262619727145,20.996707666397622,-15.858881864898722,31.098463848600694,1943.8049987792972,1973.3219995117188,1917.1220532226569,-19.974293384559815,-10.35520734956971,-9.619086034990104,40.93752792422706,2014.812549585167,1872.7974479734269,37.987953869743535,,25.547764201719257,57.07638190954774,,,,,,,,,,
2026-01-15,LTIM.NS,LTIM,,,6030.5,,,,,,,,,,,,,,,,,,,,,-8.459129180377973,1.269945415837661,1.2354254752701852,-0.21610869406098027,,14.779778680212093,20.493336075483683,-32.65806157851154,46.948821262182555,6093.9,6047.39,5328.860255126951,-11.197988423949027,2.2175827728739796,-13.415571196823008,109.02953476128768,6245.621559373549,5942.1784406264505,53.79493393970093,,51.97821777487875,62.13165829145729,,,,,,,,,,
2026-01-15,POWERINDIA.NS,POWERINDIA,,,16937.0,,,,,,,,,,,,,,,,,,,,,31.852168691494505,1.0111321237973265,1.072564413573381,0.41912623532742926,,41.89186255032607,42.44827001188505,-28.346151730912872,32.2762285233601,18320.25,19876.200000000008,18346.649096679685,-556.8129621533008,-439.9572405332341,-116.85572162006667,704.4203365183026,19560.807917780076,17079.692082219924,37.956506082098514,,32.137992354812496,40.45929648241206,,,,,,,,,,
2026-01-15,IREDA.NS,IREDA,,,138.10000610351562,,,,,,,,,,,,,,,,,,,,,-41.37699011868505,1.8196146796021404,1.8195629030999139,-1.2197551590099693,,31.876423205178313,26.324376413285144,-36.8848876333199,46.954792654056334,139.46000137329102,140.92540008544924,154.4148501586914,0.2269049057163386,0.22734926773956465,-0.00044436202322606366,4.305214920844369,147.23781353180118,131.68218921478086,29.541108774879152,,22.533794789757344,26.600502512562816,,,,,,,,,,
2026-01-15,LODHA.NS,LODHA,,,1058.800048828125,,,,,,,,,,,,,,,,,,,,,-26.522788416201493,1.6690293622214865,1.7413412884397088,-0.4546960814068471,,21.556354663058375,20.78413082415435,-30.053836279221567,39.858544990301226,1080.9150024414066,1122.4860009765625,1243.3879669189448,-10.07358620689729,-10.941684922306559,0.8680987154092694,27.476117809826206,1117.098854522535,1044.7311503602773,28.49633450468846,,13.771794068238219,43.80402010050251,,,,,,,,,,
2026-01-15,TECHM.NS,TECHM,,,1588.5,,,,,,,,,,,,,,,,,,,,,-12.20372719321431,1.1558746797553356,1.1506255189743704,-0.3558572540202263,,18.36506364792005,19.326726555061306,-26.133891575120515,50.55096241689755,1608.704998779297,1544.296000976563,1500.255081176758,10.719642412462008,17.140675650056128,-6.42103323759412,29.133642951048234,1645.8006243503903,1571.6093732082034,59.40852461485577,,64.87866088965494,55.14170854271357,,,,,,,,,,
2026-01-15,KOTAKBANK.NS,KOTAKBANK,,,421.0,,,,,,,,,,,,,,,,,,,,,13.708998198712369,0.9694151075185624,0.9728534437143243,0.5530421085733112,,13.78469817779672,15.657970517994316,-14.283342260490983,36.821381850370706,431.6539978027344,426.9952008056641,420.9569100952146,-1.0361233955748617,0.7287394994644398,-1.7648628950393015,6.628435596782193,442.57107112869704,420.73692447677166,49.689262928938476,,42.33514563389828,67.76381909547739,,,,,,,,,,
2026-01-15,ICICIBANK.NS,ICICIBANK,,,1418.4000244140625,,,,,,,,,,,,,,,,,,,,,3.7368749216882073,0.8490993575935045,0.8567544034737508,0.4892718144863442,,15.615973177352016,15.135708088743085,-10.614782604456053,59.98401568928104,1377.635009765625,1373.6440039062502,1398.0305358886724,15.153158923071487,7.800749899511584,7.352409023559903,21.349618580179886,1446.4061915549778,1308.8638279762722,64.48632652424965,,70.12503598485539,64.87587939698491,,,,,,,,,,
2026-01-15,ENRIN.NS,ENRIN,,,2363.5,,,,,,,,,,,,,,,,,,,,,-18.458860551537203,0.16602323408580183,0.16602323408580183,-1.091569167026219,,33.2842060059205,28.84047764855629,-34.46554831554138,24.45438487011434,2582.5199951171876,2925.2680029296876,,-149.01417234389646,-143.09373491039798,-5.920437433498478,83.43154771138869,2877.055984713992,2287.984005520383,30.564023822817795,,17.25544388609715,44.39949748743719,,,,,,,,,,
2026-01-15,PRESTIGE.NS,PRESTIGE,,,1500.199951171875,,,,,,,,,,,,,,,,,,,,,-17.557246852707454,1.6156978566815128,1.6414949988812306,-0.05262437987277851,,27.22589428586027,26.15559939946462,-27.97852569349373,32.902165203425824,1593.6199890136718,1646.2999926757811,1575.5552026367188,-29.959944610137427,-19.68988869239612,-10.270055917741306,43.27708084240449,1681.6336789076872,1505.6062991196563,28.45177478723891,,17.049777531602903,35.40854271356784,,,,,,,,,,
2026-01-15,WAAREEENER.NS,WAAREEENER,,,2560.0,,,,,,,,,,,,,,,,,,,,,-17.795627940507842,1.306099884704538,1.3334035611007307,-0.08733249987275069,,34.223584257412014,35.37161474106531,-31.92075864914593,27.07180724597285,2846.7900268554695,3025.154013671875,3036.5896008300765,-135.9860998680142,-109.55300249208238,-26.433097375931823,92.65962765284175,3259.3069936125776,2434.2730600983596,29.986559094724292,,20.16455008909668,34.52814070351759,,,,,,,,,,
2026-01-15,MRF.NS,MRF,,,145665.0,,,,,,,,,,,,,,,,,,,,,5.99175497297825,0.7576217042089777,0.7916213224744331,0.6900648690589725,,13.448677902434989,17.693232301206507,-10.698038422398625,33.37557364063173,150504.0,152993.55781250002,145345.63902343743,-1591.9355414583406,-1206.2792943289728,-385.6562471293678,2537.2376440100716,154956.34367615008,146051.65632384992,48.54481160131493,,40.34568600799501,67.58743718592964,,,,,,,,,,
2026-01-15,TIINDIA.NS,TIINDIA,,,2354.800048828125,,,,,,,,,,,,,,,,,,,,,-40.55124009237183,1.1402640056126847,1.2076779539568476,-1.3711757656189376,,23.185584110135167,23.81302312490917,-31.43439835685863,21.5396200631255,2547.1999755859383,2729.639990234375,2920.5521972656234,-89.3025136940173,-77.37396263582158,-11.928551058195723,65.75844014890072,2714.59710335716,2379.802847814715,29.61016418811486,,16.44080810142081,42.143718592964824,,,,,,,,,,
2026-01-15,PHOENIXLTD.NS,PHOENIXLTD,,,1868.4000244140625,,,,,,,,,,,,,,,,,,,,,-0.08345989045212085,0.9690930302640771,1.0484075939711452,0.407368492094558,,14.233416548597361,18.601222838223556,-22.216121174633653,54.500584195847665,1874.1200012207028,1792.5059985351563,1626.0285369873052,33.23876751432613,38.977469952116515,-5.738702437790387,43.63088807620808,1951.6004831338407,1796.6395193075657,74.7824434799896,,86.90266962076518,69.2643216080402,,,,,,,,,,
2026-01-15,VOLTAS.NS,VOLTAS,,,1439.9000244140625,,,,,,,,,,,,,,,,,,,,,-22.286456334778055,0.812176456585754,0.8642821718526092,-0.49935886059427304,,21.667909659054157,23.444373963480224,-26.50444785261128,54.93649840975992,1420.15498046875,1382.5160009765627,1344.572161254884,24.931709173314403,21.92791187389418,3.003797299420224,34.082849480391346,1515.0844492136796,1325.2255117238203,62.38797715108457,,70.98499203778137,53.28341708542714,,,,,,,,,,
2026-01-15,HINDUNILVR.NS,HINDUNILVR,,,2353.5,,,,,,,,,,,,,,,,,,,,,-4.869832552804075,0.40737926542145547,0.38547833121624925,-0.5001394192306382,,20.8818196196419,16.454521365734163,-15.383992569406846,49.396849220128466,2333.724987792969,2368.916005859375,2407.7071472167954,9.062301850516633,-0.0754876832350746,9.137789533751707,39.4120469907588,2436.80919269497,2230.640782890968,43.91812592087827,,35.97302866763112,57.69899497487437,,,,,,,,,,
2026-01-15,TATATECH.NS,TATATECH,,,646.6500244140625,,,,,,,,,,,,,,,,,,,,,-34.66345595601881,1.3525730292682674,1.3955273431712978,-1.2827261537567929,,25.55175522736432,21.936673223093305,-27.063474585423187,45.09072128518797,653.4400024414062,664.944998779297,689.3682827758789,-2.4210523637157166,-3.3287090991933446,0.9076567354776279,14.489132613757821,673.8007398666401,633.0792650161724,30.127116648426245,,19.69896072093608,36.32462311557789,,,,,,,,,,
2026-01-15,DABUR.NS,DABUR,,,513.75,,,,,,,,,,,,,,,,,,,,,-1.6369758205869622,0.5859653601049281,0.5937743222774233,-0.24245775228084498,,16.785271876270834,17.757768119433276,-16.569630824341154,54.110431961512106,505.8925003051758,509.79100402832034,498.6101701354979,4.867525207797485,2.963919386084065,1.9036058217134197,10.136975270023413,534.5133144782033,477.27168613214826,62.85254359785391,,67.4559855113129,64.1964824120603,,,,,,,,,,
2026-01-15,ZYDUSLIFE.NS,ZYDUSLIFE,,,883.75,,,,,,,,,,,,,,,,,,,,,-13.310043539127845,0.9204330422143681,0.9425857118276336,-0.6956438716426174,,13.298494586077963,16.67339854063032,-18.458645191625955,33.118212946671775,912.0624969482419,924.5190002441406,945.6526101684572,-8.740119080306613,-6.802753529187432,-1.9373655511191812,15.414755151775827,936.5566962578216,887.5682976386627,33.365687311750115,,15.510498467682867,61.36934673366834,,,,,,,,,,
2026-01-15,TATACONSUM.NS,TATACONSUM,,,1171.4000244140625,,,,,,,,,,,,,,,,,,,,,21.96650521212333,0.8272104609763813,0.8181731418288207,0.6030960690619918,,16.968897489161392,18.337853891736728,-12.095151414974293,47.135856846374836,1184.9649963378906,1171.8000000000002,1123.220705871582,5.053989797164149,6.638334161968466,-1.5843443648043163,21.594077910808455,1209.0020176308021,1160.9279750449791,55.07798050764661,,54.22820410974379,62.28040201005025,,,,,,,,,,
2026-01-15,MARUTI.NS,MARUTI,,,16152.0,,,,,,,,,,,,,,,,,,,,,40.30648199063706,0.7410757359936676,0.7513325796344328,1.4337744077311751,,16.769208947468545,15.98367568044872,-13.776308976867357,40.490858523186276,16655.7,16248.380000000003,14168.558305664064,57.71924417007176,145.66644445966259,-87.94720028959082,287.0429917062695,17179.223326782703,16132.1766732173,59.46593563255809,,57.56350825920757,73.68793969849246,,,,,,,,,,
2026-01-15,M&MFIN.NS,M&MFIN,,,354.95001220703125,,,,,,,,,,,,,,,,,,,,,26.29435731949184,1.2745174246659787,1.3109998670936027,0.8058639142195326,,43.909573910397036,34.48039379732937,-20.370842136447575,44.02299435300318,379.4999984741211,356.3299987792969,289.26214889526375,-0.2224146746691531,5.617269542009705,-5.839684216678858,14.196727988891306,417.3889928198006,341.61100412844155,60.193832509578755,,75.37643620568396,32.43115577889448,,,,,,,,,,
2026-01-15,TVSMOTOR.NS,TVSMOTOR,,,3690.39990234375,,,,,,,,,,,,,,,,,,,,,44.76537389209586,1.1186142911857897,1.1661040468355561,1.8580828794827353,,17.610152671064125,17.65269361972649,-16.13753954781174,48.06207343833616,3726.0799926757823,3616.415991210937,3176.2232507324215,41.05653211630988,51.22797044932807,-10.171438333018187,73.84179203199436,3904.778578549873,3547.3814068016895,67.50455342541409,,75.52930169338353,64.94723618090453,,,,,,,,,,
2026-01-15,NAUKRI.NS,NAUKRI,,,1305.800048828125,,,,,,,,,,,,,,,,,,,,,-25.90693561494108,1.552536880829358,1.6184822094410738,-0.5549567993020441,,20.01677825069382,22.90638994257873,-20.821744710788103,40.530456825519494,1343.4500122070315,1348.664150390625,1383.17625793457,-9.017879493267628,-4.941371534468061,-4.076507958799567,29.77070803150417,1380.6304429122767,1306.2695815017858,29.947103861908854,,18.740163835858045,37.91155778894472,,,,,,,,,,
2026-01-15,TCS.NS,TCS,,,3192.5,,,,,,,,,,,,,,,,,,,,,-30.132406657619736,0.9383503478325839,0.8899130788719966,-1.7472744419880768,,17.428004686105357,18.087866736589515,-29.928347757354,45.65844364986672,3258.8800048828125,3190.8359960937505,3207.2888000488283,7.245221997604858,16.789021588535796,-9.543799590930938,55.167065746158684,3342.7049008935196,3175.0551088721054,48.86036641186758,,43.9617248679948,59.96733668341708,,,,,,,,,,
2026-01-15,HINDPETRO.NS,HINDPETRO,,,440.1499938964844,,,,,,,,,,,,,,,,,,,,,10.06042119632236,1.1200113541403542,1.1705166204665727,0.5191117795326733,,28.916843701293292,25.201706249663992,-21.299402036257632,34.034369754287226,471.1050018310547,467.99700012207023,418.62533981323264,-3.8149912666774526,1.3226244178647173,-5.13761568454217,11.93969274201488,505.3957997303173,436.814203931792,46.99100514254457,,47.72511578924354,42.14673366834171,,,,,,,,,,
2026-01-15,ASIANPAINT.NS,ASIANPAINT,,,2813.89990234375,,,,,,,,,,,,,,,,,,,,,14.415671994783247,0.643045989100735,0.6672131680139315,0.8123430817809346,,21.467529751683234,21.995345519207646,-10.408122647539908,50.760756518959475,2799.984997558593,2819.657368164062,2500.5934045410127,14.373696011754419,7.852995461603456,6.520700550150963,52.33754014323101,2881.484393292857,2718.485601824331,56.75034758029938,,60.6332387098655,53.79346733668342,,,,,,,,,,
2026-01-15,PREMIERENE.NS,PREMIERENE,,,728.4000244140625,,,,,,,,,,,,,,,,,,,,,-47.384175757188636,1.5057392833829653,1.5365921761929104,-1.1628601009039867,,37.10067870069858,32.22246909503508,-39.834912628141325,24.103785194772332,820.6900054931642,908.832003173828,997.5248541259766,-52.82763065672418,-46.566478804927456,-6.2611518517967255,30.27804998471399,951.1752211067661,690.2047898795621,24.10853093118481,,12.789325525378889,26.51507537688442,,,,,,,,,,
2026-01-15,OFSS.NS,OFSS,,,7531.0,,,,,,,,,,,,,,,,,,,,,-41.13935750978559,1.4941860480965257,1.5273726523842392,-1.4283330097628404,,22.18420979532265,28.0331132408476,-32.75328552117399,39.15217338435818,7698.175,7968.099999999999,8355.549848632812,-109.97738476093855,-115.38418838448341,5.40680362354486,160.50746575013466,7886.776857167457,7509.573142832543,29.853386341910184,,20.16946224960918,33.916582914572864,,,,,,,,,,
2026-01-15,BHARTIHEXA.NS,BHARTIHEXA,,,1639.800048828125,,,,,,,,,,,,,,,,,,,,,8.718892058103174,0.8084477634593996,0.8207757749083784,0.1163436855164755,,24.102245432655515,28.160652921713265,-17.389752240802082,30.400625241005393,1776.7299926757812,1769.4720043945313,1743.4893524169925,-18.50674632293476,-1.4317351001821481,-17.07501122275261,48.05790398532937,1878.210384345822,1675.2496010057405,35.22284932032656,,25.727560937391818,44.18391959798995,,,,,,,,,,
2026-01-15,KALYANKJIL.NS,KALYANKJIL,,,480.3999938964844,,,,,,,,,,,,,,,,,,,,,-41.57985866016432,1.632214682910502,1.7197015402852467,-0.7633716827111728,,27.689926374402496,26.248199713821858,-31.673377188822883,42.966159182937446,491.85000152587895,493.1359991455079,519.2727709960932,2.647773383466017,2.836079247344331,-0.18830586387831394,14.309641055179004,517.0609178945535,466.63908515720425,29.974614147200434,,21.63149139460901,30.807035175879395,,,,,,,,,,
2026-01-15,POLYCAB.NS,POLYCAB,,,7323.5,,,,,,,,,,,,,,,,,,,,,-5.179634932489412,1.0372251369719185,1.0871901464047748,0.13540216906209943,,28.535630414106457,22.663034990064652,-31.259413580714412,40.49729370863556,7576.525,7504.289999999999,6818.282624511717,40.89475659564141,68.13201040186534,-27.237253806223933,179.26087895858382,8004.5902280597775,7148.459771940222,48.06726412661163,,45.89916588016223,51.55477386934674,,,,,,,,,,
2026-01-15,MPHASIS.NS,MPHASIS,,,2788.800048828125,,,,,,,,,,,,,,,,,,,,,-12.265904520261243,1.4635513961728592,1.4839189529870394,-0.30630970391263485,,20.29569850719295,24.767008667782527,-30.14322915050459,44.12341985698584,2844.45498046875,2824.9659912109373,2700.8596423339836,-4.784550578163362,-1.6729293120489066,-3.1116212661144553,64.93861829662316,2928.6250176235403,2760.2849433139595,41.414171534491416,,36.778473586205145,44.41758793969849,,,,,,,,,,
2026-01-15,TATAELXSI.NS,TATAELXSI,,,5505.0,,,,,,,,,,,,,,,,,,,,,-28.258855110081154,1.399668903743895,1.4125046323064294,-0.4509915922160802,,43.9434056866856,30.936478325466744,-26.651583710407245,53.44151870066775,5434.8,5279.26,5656.031230468751,121.27659747146026,90.6832908327245,30.59330663873577,171.26345889534548,5868.51763795553,5001.082362044471,46.175953654340525,,52.467872356707396,26.62211055276382,,,,,,,,,,
